prompt,gen_title,gen_body,sim_top1,sim_top5_mean,novelty,nn_title,nn_excerpt
겨울 노래,겨울 노래,"눈 내리는 가을의 계절을 보내게 하는
따스한 햇살 아래 봄날은 만개합니다.
눈 쌓인 산 중턱에는
새하얀 꽃송이가 피어 있습니다
아름다움의 계절이여서
기다리는 동안 새들의 날개를 펴고
가을빛으로 피어나는
고운 강물 위에 서면
그리움이란 또 다른 꿈이 펼쳐집니다.
어느 날
천사의 품안에 안겨 있는
오랜 그리움이 있어요
꽃잎처럼 하얀 눈물을 흘리고 있을 때,
언제나 마음은 늘 마음속에 서있습니다.
그렇게 애태워도
마",0.9100660681724548,0.8845087289810181,0.08993393182754517,고요함의 달빛 존재 천년의 성을 지나 바람처럼 달려오고 있는,당신의 봄을 닮은 꽃잎들이 생각이라면 이내 꽃이 피는 갯벌과 언덕에 아카시아 편지가 보내온 하얀 마음을 읽어볼 수 있는 산들바람 당신의 강물위에 마음을 다시 써내려 갑니다. 물결처럼 흘러 그리움의 하늘 호수가 보이면…
별빛 춤,별빛 춤,"비치는 풍경 속에 숨겨진 꿈의 정감
봄에 꽃피는 바람, 푸른 물결을 만나다
꽃잎을 엮어내고 꽃잎을 달아 놓은 듯
고운 빛을 내는 것은 계절이고
그런데 그 모습이 어디 있나?
가끔은 들뜬 마음으로 고개를 끄덕이다
비워지면 시린 눈으로 새어 나오는 것 같고
오래지 않아 다시 꽃을 피우려는 모습인가 보네.
너무도 맑고 고요
한 향기로움이 숨쉬는 곳에 꽃이 핀다면 좋겠다 싶으면
자꾸만 눈물이 흘러내리도록 한숨이 나온다. 만일",0.8877770304679871,0.8821978569030762,0.11222296953201294,고요함의 달빛 존재 천년의 성을 지나 바람처럼 달려오고 있는,당신의 봄을 닮은 꽃잎들이 생각이라면 이내 꽃이 피는 갯벌과 언덕에 아카시아 편지가 보내온 하얀 마음을 읽어볼 수 있는 산들바람 당신의 강물위에 마음을 다시 써내려 갑니다. 물결처럼 흘러 그리움의 하늘 호수가 보이면…
푸른 꿈,푸른 꿈,"초록의 시간들이
고요함을 뚫고 날아올라
아름다운 숲속에 있는
푸른 새싹이 되어
바람을 타고 흘러가도
하나뿐인 희망으로
향기롭게 빛날 수 있을까
새들의 노래를 부르며
나뭇잎에 맺힌 이슬방울로
천년을 한순간에 날려버리고
별빛의 추억은
서로의 마음에 스며들도록
오직 별빛만이
사랑의 마음으로 가득 채워질 것.
꿈을 꾸는 아름다운 날이 되면
아름다움의 언덕
그리움 속에 숨어있는 꽃들에
봄과 여름, 그리고 봄과",0.8847676515579224,0.874286949634552,0.11523234844207764,고운 달빛으로 별빛들의 오랜 고요함으로,꽃들의 아침 그리고 향기의 기억 저편에 있는 푸른 사진관에 오늘은 오랜 친구처럼 빗소리와 하얀 그리움이 오면 순수를 이어주는 한 조각의 다른 꿈속에 채워지고 별 하나를 사랑한 외로움의 기억들을 꺼내 곱게 닦아낸 가을…
아름다운 꿈,아름다운 꿈,"그리움의 고요한 마음에는 언제나 고운 바람이 들지만
그 빛 속에 스며든 별빛의 향기는
별빛 한 장에
나뭇잎들의 마음을 읽어주는
고운 아침의 노래
하얀 이슬비 내리는 곳마다
노란 눈송이들이 핀 것처럼
누군가 하얀 눈으로 내게 들려주고 싶은 바람입니다
그래서 아름다운 날에요
꿈을 품은 채 아름답게 빛나는 날 
오월의 꿈을 담은 사랑으로 사는 날
이제야 내 안에 있는 나를 알아가네.
그렇게 오늘도 아름다운 날을 기다리고 있습니다.
내 안의 아름다운 꿈을 위해 기도해 주셔서",0.8783576488494873,0.8711029887199402,0.1216423511505127,소리의 성벽,달빛만 비쳐도 반딧불을 보내 연초록의 시간을 실어오고 나비들의 아침이 되어 바라보는 마음의 속삭임들이 들려주는 산책 같은 그리움의 기다림 속에 보이는 그 아름다움의 세계는 밤과 낮이 없고 오직 봄이라는 숲이 있어. …
그래 돌아와,그래 돌아와,"너의 얼굴도 보고 싶었는데
그 날처럼, 내 곁을 떠나보내는 거니
너를 위해 줘야겠구나
내 마음에 꼭꼭 숨겨두었던 비밀 한 가지만은 알고 있었다만
너는 나를 사랑했기에 그 때만큼은
사랑에 빠졌었지.
어느새 네 가슴에도 닿아
잊혀진 채 잊혀지지 않으리라.
그래 다시 만나고 싶어하는 너와 함께라면
이제 곧 그대 곁에 서리라. -
그리운 이별을 추억하며 떠나는 길목에서
세월과 같이 그리움에 젖는 너",0.8783173561096191,0.8257082104682922,0.12168264389038086,사랑의 시간,하지만 너는 아무 말 없이 다른 길을 택했고 내 노래는 슬픔의 멜로디로 바뀌었다. 사랑스러운 눈빛은 이제 그리움으로 빛나고 너의 미소만 내 마음 속에 깊이 새겨졌다. 아무 말 없이 떠나간 너를 떠올릴 때마다 너는 내…
햇살 바람,햇살 바람,"달빛은 뜨겁게 달궈져 빛나고 있다.
겨울에 들판 꽃밭에 가면
꽃밭이 붉은 그림자를 드리우며
새벽부터 밤까지 산그늘 아래를 걸으며
누구나, 마음속에 담고 싶어 하는
행복의 꿈처럼 피어오르는 새들의
햇살이 가득한 겨울밤
그대에게 봄의 정취를 안겨줄 수 있다면
봄날은 그리운 듯싶다.
내일은 그대가 남긴 한 그루 꽃이 피어나고
마음이 내비치는 가슴으로
아침 이슬을 씻으면 오늘도 함께할 것이다.
언젠가 내 곁에 봄이",0.876091718673706,0.8714157342910767,0.12390828132629395,고요함의 달빛 존재 천년의 성을 지나 바람처럼 달려오고 있는,당신의 봄을 닮은 꽃잎들이 생각이라면 이내 꽃이 피는 갯벌과 언덕에 아카시아 편지가 보내온 하얀 마음을 읽어볼 수 있는 산들바람 당신의 강물위에 마음을 다시 써내려 갑니다. 물결처럼 흘러 그리움의 하늘 호수가 보이면…
시린 들,시린 들,"가을, 겨울 바람 소리처럼 내 귀에 파고든다.
그대는 지금 어디에 있는가?
한낮의 뜨거운 햇살 아래 한낮이 깊어간다.
시린 들판은 언제 그랬을까.
나뭇가지 사이로 서 있는 하늘엔
푸른 하늘이 어김없이 보인다.
누군가가 당신의 이름을 부르기 전에
고요한 아침의 향기는 멀리 멀어진다.
아직 봄은 아니다.
그러나 가을이 되면
꽃잎이 제 그림자를 밟는다.
햇살에 밀려온 나뭇잎들은 바람에 흩날린다.
가을은 다시 먼 곳으로 돌아오고 있다.
겨울과 함께 사라질지도 모르는
봄바람에 이끌려가는
꿈속의 산",0.8718606233596802,0.8596140146255493,0.12813937664031982,가을 빛깔,내 어깨에 조용히 내려앉는다. 한 시절 푸르렀던 잎들은 이제 빛바랜 채로 흔들리며 스치는 바람결에 마지막 노래를 부른다. 홍색 단풍은 눈부시게 타오르지만 그늘에 깃든 잎에는 슬픈 작별이 고여있고 붉게 피어난 순간조차…
당신의 봄,당신의 봄,"꽃피는 계절이다
아름다운 마음
달빛으로 피어있는 꽃잎도
봄의 향기를 간직해야 하는
그리움의 시작은
가을에 달려있어야 할
마음이 있는 곳일 것이다
그렇게 가을이 되어가는 동안
당신은 나의 곁에 있다
꽃피는 계절에 당신의 모습
나는 당신을 사랑했다
어느 날 우리 집은
아름다운 사람이 되었다
시냇가에서 작은 풀꽃을 꺾고 앉아서
우리 부부의 추억을 담아놓은
산책로로 걸어갔던 시절
나의 기억 속에
노래의 첫 글자처럼
우리의 아름다운 마음을 새겨주고 있다.
모든 일에는",0.8700888752937317,0.8459432721138,0.1299111247062683,가을 사랑,우리는 인적이 드문 공원에서 흥겨운 감정으로 낙엽을 밟으며 바스락거리는 소리를 들으며 정답게 거닐면서 그대와 맺은 인연은 우리의 아름다운 가을 사랑이 시작 됐지요. 가을 향기 같고 낙엽의 속삭임 같은 당신 마음은 보…
바다 노래,바다 노래,"아련한 추억을 간직한 바닷가의 모래알처럼 푸른 바다에
저 멀리 펼쳐진 하얀 물결이여서
그윽한 꽃향기에 잠긴 마음 속으로
어디서 보아도 아름다운 그 빛깔은
바다 속에 숨 쉬는 은빛 별빛을 머금고 있어
눈부신 내 가슴에 맺힌 눈물보다 더욱 진한 그리움으로
세상일대 가장 맑은 바다에서
고귀한 영혼의 사랑도 피어날 뿐이다
아름다운 바다를 꿈꾸며 힘차게 노를 저어가자
해마다 돌아오는 황금 들녘에
푸른 바다의 노래를 불러보자....
멀리서도 들려오는 노랫소리들은",0.8668912649154663,0.8425532579421997,0.1331087350845337,고요함의 달빛 존재 천년의 성을 지나 바람처럼 달려오고 있는,당신의 봄을 닮은 꽃잎들이 생각이라면 이내 꽃이 피는 갯벌과 언덕에 아카시아 편지가 보내온 하얀 마음을 읽어볼 수 있는 산들바람 당신의 강물위에 마음을 다시 써내려 갑니다. 물결처럼 흘러 그리움의 하늘 호수가 보이면…
노을 하늘,노을 하늘,"하얀 구름 위에 비친 별빛
고운 눈송이들이 꿈틀대고 있네.
이제야 비로소 비치는 내 마음
천상의 노래들은 이제야 빛을 내고 있는데
노을 하늘은 마치 꿈처럼 저 멀리 아득하게 떠오른다
하늘을 찌르는 흰 구름, 그 빛깔과 함께
바람에 젖은 꽃잎 사이로 스며들어 가는
달콤한 향기와 그리움
그 이름만 보아도 알 수 있는
무지개 빛으로 가득 찬 숲들
가을의 물결로 날아간 꽃들의 향기로운 소리도 들린다. 그리하여 나는 이 밤 하늘을 사랑한다.",0.8659252524375916,0.8544474840164185,0.13407474756240845,가을이 오기전 별빛의 종소리에 초대받아 은색 울림과,당신의 식탁에 따듯한 차 한 잔 찬바람에 놀란 노래들을 달래주고 이제 별들이 보여주는 책을 읽어야 할 시간이면 당신의 꿈속 변하지 않는 초록색을 찾아와 동화의 끈을 묶어봅니다 이제 신비롭게도 마음의 골목길은 찾아오고…
아름다운 물결,아름다운 물결,"고운 햇살아래 푸른 들판이 펼쳐져 있고
아름다운 하늘은 아름다우며
여름의 끝자락까지
그윽한 가을빛으로 채색되어
오래도록 그리움으로 피어오르네.
바람이 일고 파도가 치는 풍경은
더없이 아름답지만
시야로 보면 너무나 쓸쓸하며
가슴을 아려오던 그 시절
모든 것이 사라져버리고 만 것은
잊힌 듯 허우적거린다. 하지만 나는 여전히 살아 있다.
어느새 나에게는 이 세상 모든 것을 잊고 사는
푸른 계절의 한가운데에
내 속에 스며들었을 때",0.8624380230903625,0.8527911901473999,0.13756197690963745,아카시아 꽃 피던 날,기억은 혼자 옛 들길을 걸을 때 시냇물처럼 맑은 햇살 위로 너의 웃음이 종일 어른거린다. 삶은 때로 꽃향기처럼 스며들어 이름조차 부르지 못한 그리움이 된다. 아카시아 꽃 피던 계절의 하늘은 어디쯤 묻혀 지금도 울고 …
작은 사랑,작은 사랑,"다정다감하게 웃어줘서
나에게 고마움을 전해주는 너도
무거운 마음도 외로움이지만
작은 가슴으로 어루만지는 사랑을
사랑하는 사람에게 넌더없이 감사해
서로의 아픔을 잘 알고 있어
너를 더욱 많이 생각하고 사랑하는 모습이여. 내 마음을 따뜻한 사람으로 만들어주리니까
당신은 나에게도 멋진 사람이라 해
이렇게 예쁜 사람이 되었으니까
내가 이 세상에 태어난 것도 바로 그런 날들이야
그냥 지나칠 수 없는 세상일 거라 믿습니다
작은 사랑이 세상을 아름답게 하는 힘이 되리라",0.8619055151939392,0.836168110370636,0.1380944848060608,사소한 아름다움,"커다란 선물인 것을 알고 우리는 입이 아프도록 많이 웃어주어야 하리 베풂은 특별한 것이 아니라 정겹게 잡아주는 작은 손 잡음 함께 바라보아주는 나무,구름 바람결에 꽃향기,새소리 사랑은 따뜻한 눈빛으로 바라보며,기다려…"
작은 호수,작은 호수,"물 위에 둥둥 떠있는 채
고운 빛깔의 강물 위로
하늘을 향해 날아오르는 별빛들....
강물이 되고 싶다
그렇게 스쳐가는 꿈, 그 아름다움에 대한 갈망
얼마나 그리울까
아름다운 계절에도 언제나 한 번쯤은 있어야 한다는
이제 다시 봄날도 간절히 바라고 있는 것 같다
비록 지금처럼 고운 빛일지라도
그리움은 우리를 사랑한다
사랑은 영원히 나를 필요로 하고 있기에
이미 아름답게 빛나는 꽃들이여서
누구나 아름다운 날 꿈꾸며 살아간다. (",0.8614727258682251,0.855485737323761,0.1385272741317749,고요함의 달빛 존재 천년의 성을 지나 바람처럼 달려오고 있는,당신의 봄을 닮은 꽃잎들이 생각이라면 이내 꽃이 피는 갯벌과 언덕에 아카시아 편지가 보내온 하얀 마음을 읽어볼 수 있는 산들바람 당신의 강물위에 마음을 다시 써내려 갑니다. 물결처럼 흘러 그리움의 하늘 호수가 보이면…
차가운 별,차가운 별,"달빛에 비친 별빛이 비치는 계절은
밤새도록 어둠을 잊고 있다
나뭇가지마다 숨어 있는 별이 빛나고 있기에
내 맘이 잠든 사이
다시 별이 되어
내 발 아래 펼쳐진 지평선 너머
별들이 찾아낸
별들의 추억들을 하나씩 꺼내어
하늘의 노래 속으로 꺼내봅니다
그렇게 시작된 그리움은
그리움의 시간을 이어주며
언제나 찬란한 빛을 머금고 있어요
마음처럼 내 몸을 휘감아도
나의 마음을 언제나 행복하게 해 주신다
무엇보다 내가 빛나는 것은
별을 품어내는",0.8594422936439514,0.8551915884017944,0.14055770635604858,별빛의 마음에 다시 서면 아름다움의 본체는,당신의 하늘이 있으면 언제나 푸른 꿈은 별들이 날아옴을 다시 허락합니다. 마음의 언덕 느림처럼 날아와 그리움은 빛남이 되어도 누구에게나 나누어 줄 수 있는 따듯함과 정겨움 때로는 풀잎들의 기다림이 되어 따로 겉옷을 …
다시 미소,다시 미소,"그리움으로 가슴 벅차게 떠나가는 사랑
소녀같이 고운 마음이 있어요
사랑을 하면 그 슬픔은 사라지는 법입니다
그리움의 순간은
나에게로 오는 길인 것 같아요!
아름다움을 느끼면
그런 마음을 가져서
지워지지 않는 기쁨이 있다는 걸 알게 되네요.
하나뿐인 마음이라도
자꾸만 그리워지는 당신이여
언젠가 그대에게 이로운 세상이 될 날이 오기를 기다립니다.¶Ship, I Love You!.
누군가의 목소리가 되어
꿈과 희망의 향기가 넘실",0.8583674430847168,0.8401404619216919,0.1416325569152832,너무 그립습니다,작은 사랑을 나누는 인생은 더 아름답고 향기롭다 가슴에 따뜻하게 스미며 순박한 미소로 넉넉히 정 주시며 가슴에 큰 꿈을 넣어 주시던 따뜻한 사랑이 떠오른다 아직도 지워지지 않는 채 초생 달처럼 밝은 얼굴 보이니 가슴…
지금 우리,지금 우리,"저 멀리 별이 떴다
이별의 아픔도 따스하게 감싸주는 듯. 그 속에 있는 추억들
그 마음들이 더는 괜찮지 않더냐고.
사랑한단 말이야. 이별은 나를 아프게 만들었어.
그때가 아니었던 거야. 너의 모습이 너무나 아름다웠어.
너를 잊어주었으니까!
너는 이제 나였구나, 사랑해! 네 마지막 사랑을 널 잊지 말아줘. 
네 곁에 영원히 남아 있으면 좋겠다._
그래서 행복해, 오늘 떠나련다! .something me tak",0.8543155193328857,0.8119816780090332,0.14568448066711426,사랑의 시간,하지만 너는 아무 말 없이 다른 길을 택했고 내 노래는 슬픔의 멜로디로 바뀌었다. 사랑스러운 눈빛은 이제 그리움으로 빛나고 너의 미소만 내 마음 속에 깊이 새겨졌다. 아무 말 없이 떠나간 너를 떠올릴 때마다 너는 내…
노을 미소,노을 미소,"이 여름은 내 마음속 깊은 곳에
그 쓸쓸함이 다 사라지고 싶다
눈물이 흘러가는 가을의 시작인데도
이렇게 외로울 수 있다
아름다움은 영원하다
오래된 추억으로 기억되고 싶지 않다
사랑에 빠지면 오래 못 살 뿐이다
세월도 잊고 늙어감에 따라 가슴 아픈 이별을 겪게 된다면
노을미소 짓는 자식은
나뭇잎이 되어 산다는 것만으로도 행복하다며
오늘따라 많이 변했으면 좋겠다며
내일이면 더 따뜻해지는 아름다운 계절에 살고싶다고
힘든 길을 헤매",0.8529905080795288,0.8442466855049133,0.1470094919204712,겨울도 가을처럼,겨울을 반갑게 맞이한다 숲을 곱게 물든 단풍잎도 나 몰라라 제 갈 길을 떠나가는데 아직 나누지 못한 사랑의 바다 숱한 사랑 이야기 있는데 찬란하던 가을 속엔 붉은 꿈을 토해낸 낡음 잔해 속에 설렘으로 고독함을 알게 …
마지막 눈물,마지막 눈물,"그대가 얼마나 사랑스러웠나
끝없는 사랑과 기다림 속에
가슴속에 품고 있는 것은
그대의 슬픔, 외로움뿐인가.
언제나 가슴 속엔 희망의 그림자가 있다.
내 마음을 훔쳐보는 사람이 있는가 하면,
우연히 만나는 사람만이 있을 뿐이다.
나는 그대에게 많은 것을 주었고
그리고 그것을 잊지 않았나니
그러므로 나는 그대에게서 받은 사랑을 기억하고 있다....
너무 아름답지 않은가.?.
어느 날, 너를 찾아간다
이제는 내 마음이여!.
나의 사랑은 나의 몫이다.
사랑은 내게 있어 행복이다...
그리",0.8473401665687561,0.8235475420951843,0.1526598334312439,사랑의 시간,하지만 너는 아무 말 없이 다른 길을 택했고 내 노래는 슬픔의 멜로디로 바뀌었다. 사랑스러운 눈빛은 이제 그리움으로 빛나고 너의 미소만 내 마음 속에 깊이 새겨졌다. 아무 말 없이 떠나간 너를 떠올릴 때마다 너는 내…
이미 그리워,이미 그리워,"그리움도 사랑도
아무런 소용 없는데
그리움의 시작이 다가오고
나뭇잎 떨구기를 하는
어두운 마음을 달래주는
가을의 가을날이면
아픈 눈물로 피어나는
고요하고 아름다운 그대여
나는 너를 믿고 있어
그대의 사랑을 믿습니다
너와 나 사이에는 사랑이 있네
너는 내가 이 세상을 떠나도록 내버려둔단 말이야. 이제 너도 나를 믿어서
내가 다시 살아나고 싶다는 말을 할 수 있을지 모르겠지만
난 지금 이 세상 사람이니까.
사랑을 믿는다면",0.8467384576797485,0.808017373085022,0.15326154232025146,사랑의 시간,하지만 너는 아무 말 없이 다른 길을 택했고 내 노래는 슬픔의 멜로디로 바뀌었다. 사랑스러운 눈빛은 이제 그리움으로 빛나고 너의 미소만 내 마음 속에 깊이 새겨졌다. 아무 말 없이 떠나간 너를 떠올릴 때마다 너는 내…
바람의  춤,바람의  춤,"바람이 불어올 때면
꿈을 꾸고
마음의 문이 열리기를 바라는 것
바람의 마법에 걸린 꽃
이슬비처럼 바람으로 채워진 꽃도
그렇게 마음속에 그려놓은 꿈들을 기억해내고 싶네요
누구에게나 희망은 있습니다.
그리고 그 꿈을 꿈꾸는 자에게는
아름다운 꽃이 피고 지는 것을 알겠죠
그래서 저도 바람을 타고서
어느 날 한 번씩 가보고 싶은 곳이 있다면
서로를 사랑하는 마음을 가진 두 사람만 있습니다
바람의 춤은 항상 아름다운 꿈을 향해 달려갑니다
행복의 불꽃처럼 피어오르는",0.8463445901870728,0.8178609013557434,0.15365540981292725,참 아름다운 세상,"돌아보면 참 예쁘게도 피었어요 외롭게 홀로 핀 꽃 슬프긴 해도 아름다웠어요 예뻤어요 아 돌아보니 나는 바람이었어요 참 아름다운 세상, 나는 오늘도 꽃으로 피었다가 바람으로 가고 있어요 사랑하는 마음은 세상의 꽃으로 …"
매일 그리워,매일 그리워,"나는 오늘도 그리움에 젖어있다
누구나 알다시피 그대 곁에선 행복과 평화가 있으되
그대는 나를 사랑할 뿐
오직 나를 사랑하는 사람만이
사랑하는 것을 알지 못하는가 봅니다
아무리 아름다운 날이라도
내겐 너를 향한 사랑이 없기에
이제는 내 마음마저 다 울리리라 믿습니다ᅲ
나는 언제나 너와 나의 영원한 이별입니다ᅲ
한동안 그대를 그리워하며 살았지만
너에게만은 내가 사랑하지 않았기에
지금은 내게 사랑을 느끼며 살고 있습니다._
매일 함께 살아가는 하루",0.8455014824867249,0.779249370098114,0.15449851751327515,사랑의 시간,하지만 너는 아무 말 없이 다른 길을 택했고 내 노래는 슬픔의 멜로디로 바뀌었다. 사랑스러운 눈빛은 이제 그리움으로 빛나고 너의 미소만 내 마음 속에 깊이 새겨졌다. 아무 말 없이 떠나간 너를 떠올릴 때마다 너는 내…
아침 햇살,아침 햇살,"봄볕이 내리쬐는 새벽이면
가끔은 꿈속에서도
햇살이 스며드는 모습을 볼 수 있습니다.
어쩌면 밤하늘의 별빛처럼
한없이 작아지는 것 같아서
아침 햇살을 피워도
그대로 놓아두고 싶은 마음이 들 때쯤
얼마나 아름다운지 모르겠어요.
조금 더 따뜻한 마음으로
자신만의 세계를 만들어 가겠습니다.
그래서 오늘도 저를 사랑합니다
사랑하는 이여, 당신을 꼭 지켜주세요
지금까지와는 다른 모습으로 함께해 주십시오.
당신이여 당신의 아름다움을
우리의 영혼으로",0.8452616930007935,0.8302289247512817,0.15473830699920654,해바라기 연가,오직 당신 있는 곳만 향합니다. 그리움 때문에 나는 당신을 향해 서 있습니다. 그대를 바라보아야 힘이 솟고 당신의 빛을 받아야 피어납니다. 한순간도 잊지 못할 그대 얼굴 온종일 그리움에 파묻혀 밤이 와도 여전히 흔들…
아름다운 바다,아름다운 바다,"고요함과 슬픔,
불러내리는 눈길도 보듬어 줍니다
그래서인지 세상살이는 그리움으로 가득합니다.
이렇게 우리들의 삶에 녹아든 바램을 기억하고 싶지 않으십니까?
그렇기에 더욱더 좋은 세상을 만드는 것이 니까!
사랑하는 가족, 행복하게 사는 것,
세상 모든 것을 마음껏 누리고 싶은 행복한 나라 만들기
바라는 곳이 있습니다?
삶과 죽음 사이에 있는 진정한 사랑이라면 이 세상은 어디입니까.
아름다운 세상이란 말입니다.
이제 우리는 모두의 삶을 통해서
누구나 누릴",0.842833936214447,0.8103939294815063,0.15716606378555298,진정한 행복은,별들의 합창이 울려 퍼지는데 죽도록 사랑하며 살아온 길 고운 햇살 내린다네 다정한 가슴에 온화한 미소와 정이 흐르는 오랜 세월 오직 믿음으로 다지며 사랑의 등불로 환히 밝히며 미소가 흐르는 삶이라면 이게 행복이 아닐…
푸른 파도,푸른 파도,"흰 꽃
한참을 기다리며
오랜만에 찾아온 하늘엔 햇살이 가득했다.
아침 햇살은 그리운 마음을 감싸안았다.
이제야 저토록 푸르던 날
푸른 하늘이 다가와도 어쩐지
그때가 좋았더라면
마음 속에도 빛이 왔으리라..),
나뭇잎에 깃든 초록빛으로
하늘을 향해 손을 뻗었다.
그렇게 푸르다 못해 새들의 날개짓이 시작되었다.
푸른 잎, 노란 꽃이 피어나고,
푸른 잎이 바람에 흔들리는 듯이,
그리움을 노래한다
달빛이 내리는 가을은 아름답다.",0.8424384593963623,0.840430736541748,0.1575615406036377,어느 곳이나 자유롭게 날아갈 수 있는,고운 감동의 느낌으로 천년의 앞에 서서 노래의 방패처럼 봄의 새싹들이 순수를 싹틔우고 초록색의 햇살을 곱게 다려 푸른 숲의 시작이 되는 곳에 오랜 기다린 노란 시간 속에 은행잎 외로움을 온유함이 두려움을 떨쳐내고 은…
다시 곁에,다시 곁에,"다정한 마음으로 다가온다
그런데 또 그립다.
사랑하는 사람들 사이에서
어둠이 걷히도록 나는
아름다운 얼굴로 나를 비추고 있다.
언젠가 이 말을 들었을 때
나는 지금 그대에게 이렇게 말하고 싶었다....
그리움도 아름다움이 될 수 있는 거라면!
그리고 나의 마음을 담아내고자 하는 당신이여!!
당신의 사랑이 당신의 마음에도 듬뿍 스며들어 있을 것을....
너를 사랑하니까,
마음을 온전히 품을 수가 있구나. . 
그래서 내가 너를 사랑하는 이유라면,",0.8418877720832825,0.8270220756530762,0.15811222791671753,가장 아름다운 말,세상에서 가장 아름다운 말이 생각났습니다. 언젠가 당신에게 고백할 그 말이 오솔길을 걷다가 세상에서 가장 듣고 싶은 말이 떠올랐습니다. 언제나 가슴으로 소망하던 그 말이 그대를 만나던 날 세상에서 가장 소중한 말이 …
푸른 별,푸른 별,"그대가 있는 곳에
푸른 별이 있다.
그대는 늘 붉은 별을 안고 있다
사랑할 수 없다
내겐 어둠이 있고 너에게는 빛이 있다,
눈부시게 빛나는 가을 하늘도 있겠지만
무수한 우리 모두의 마음엔 언제나 밝은 불빛이 있어.
오래지 않아, 내게도 푸른 해가 서다
별빛으로 물든 하얀 물결들
그리고 찬란한 달빛을 가진 그대
하늘은 푸르다고
향기를 불어넣어주겠노라고 약속했다
흰색으로 물들어가
달빛으로 날아오르는 것은
우리가 꿈꾸는 것들 이다
나뭇잎처럼 빛나고",0.8415386080741882,0.8399213552474976,0.15846139192581177,소리의 성벽,달빛만 비쳐도 반딧불을 보내 연초록의 시간을 실어오고 나비들의 아침이 되어 바라보는 마음의 속삭임들이 들려주는 산책 같은 그리움의 기다림 속에 보이는 그 아름다움의 세계는 밤과 낮이 없고 오직 봄이라는 숲이 있어. …
겨울 별,겨울 별,"눈이 내리고 있었다.
얼어붙은 살갗엔 눈물 가득했다.
시련이 겹겹이 쌓여왔다.
세월은 지났지만 눈발이 날렸다.
동그랗게 쌓인 눈은 봄의 기분을 잊게 했다.
눈과 얼음 사이에 끼여 있는 그 작은 힘
무언가 숨죽인 듯 맴돌았다.
아픔을 견디고 싶은 마음은 더 커졌다.
자신은 한없이 늙어가고 있으며
떠나기 위해선 자신을 포기해야 한다.
겨울별빛이 다시 스쳐가고 있다.
오늘 아침이면 눈을 맞고 싶어한다.
눈으로 인한 고통도 견디는 길이며
눈길 속에서 외로움과 두려",0.8401647210121155,0.8159753084182739,0.15983527898788452,겨울 비,"눈 섞인 빗방울이 내 마음을 두드리고, 그 소리에 나는 먼 옛날을 떠올린다. 하얗게 눈물 흘리며 걷던 내 작은 발걸음이 생각난다. 그때 그곳의 겨울은 별처럼 신비한 곳에 있는 듯했고, 하나의 하늘 아래 우리는 서로를…"
가을 노래,가을 노래,"아련한 눈물이 흘렀다.
나도 모르게 흐느낌이 왔다.
가을 바람이 분다
아직 내 발밑에 있는 하얀 겨울꽃들이 피었다.
그때 그 때처럼 내 마음은 평온했다.
그 시절로 돌아가고 싶지 않았다.
잊혀진 기억의 늪에서 헤어나기 위해
다시 한번 돌아볼 필요가 있었다.
하지만 나의 가슴은 아직도 잠들어 있다.
그리운 추억들은 이제 더 이상 나를 잊어주지 않는다.
사랑한 세월들을 추억으로 씻어낼 때가 온다.···.,
내 맘속에 묻어두고 싶은 생각뿐이다.
이제 다시 한 번 넌 내게 말해 줄게",0.8396193385124207,0.8251938819885254,0.16038066148757935,멍든 수국,너의 눈동자도 잔잔히 떨렸다. 아물지 않은 말들이 흘러나와 보랏빛 수국처럼 가슴에 멍이 들었다. 사랑은 염색되지 못한 계절 닿지 못한 입맞춤의 거리에 있다. 가까웠기에 더 멀어진 시간 속에서 우리는 끝내 서로의 그림…
지금 돌아와,지금 돌아와,"오늘은 내일 아침으로 돌아갈까요!
고립된 마음으로 돌아온다
나만이 알고 있던 그리움이
아침에 일어나서
오늘이 내일로 될까요
내일은 또 하나의 시작을 준비해봅니다
사랑하는 나의 손을 잡아주세요
아침 햇살 비추는 저녁 햇살에
나는 사랑하죠?
그대의 마음을 담아보아요
바람결에 스치는 바람,
기다리는 마음에도 힘이 되어주지요
그리운 사람이여
내가 그대 곁에 있어줘
그러면 너는 더 아름다워질 것이다 
그래서 나는 그대에게 말을 걸어봐요",0.838989794254303,0.8234418630599976,0.16101020574569702,해바라기 연가,오직 당신 있는 곳만 향합니다. 그리움 때문에 나는 당신을 향해 서 있습니다. 그대를 바라보아야 힘이 솟고 당신의 빛을 받아야 피어납니다. 한순간도 잊지 못할 그대 얼굴 온종일 그리움에 파묻혀 밤이 와도 여전히 흔들…
이런 사랑,이런 사랑,"너의 이름은 나를 위하여 지어준다
어디서 구했는지 알 수 없는 사랑도 있다
하지만 나는 그런 나의 이름을 알지 못한다.
누구나 내겐 한 번쯤은 그 이름만 기억하는 법이다.
그런데 내가 사는 곳에선 또 다른 사랑을 느껴본다.
너를 떠나보내는 길, 사랑하는 사람의 모습 속에 있나니
너는 내게 있어
내게는 소중한 존재라!
사랑이란 이름으로 살아가는 게 아니라
나를 위한다면
나에게 있어
나는 언제나 나에게는 소중하다
이런 말 한마디에 나는 감동에 젖는다.
내가 지금처럼 좋은 사람이라면
네가 있는 곳으로 간",0.8374515771865845,0.7799394130706787,0.16254842281341553,사랑의 시간,하지만 너는 아무 말 없이 다른 길을 택했고 내 노래는 슬픔의 멜로디로 바뀌었다. 사랑스러운 눈빛은 이제 그리움으로 빛나고 너의 미소만 내 마음 속에 깊이 새겨졌다. 아무 말 없이 떠나간 너를 떠올릴 때마다 너는 내…
아침 미소,아침 미소,"내 가슴엔 항상 미소가 가득 맴돌고 있네.
내 마음만큼은 언제나 따뜻함이 깃들어
아침이 밝아오면 언제나 따뜻한 마음이 느껴지겠죠?
한결같은 사랑이 되어
더 큰 사랑의 씨앗이 되길 기도합니다만()
어찌나 그리울까봐서
그저 그저 조용히만 울기만 할 뿐인데..
미소짓는 내 모습이 너무나 아름답고,
아주 아름다우며 행복한 시간이었으면 좋겠다는 생각을 하면서
너무도 행복했었던 그 순간,
마음속에 흐르는 희망의 눈물을 꼭꼭 감읍니다
사랑",0.8344184756278992,0.8047484159469604,0.16558152437210083,너무 그립습니다,작은 사랑을 나누는 인생은 더 아름답고 향기롭다 가슴에 따뜻하게 스미며 순박한 미소로 넉넉히 정 주시며 가슴에 큰 꿈을 넣어 주시던 따뜻한 사랑이 떠오른다 아직도 지워지지 않는 채 초생 달처럼 밝은 얼굴 보이니 가슴…
달빛 미소,달빛 미소,"이 땅의 모든 미소가 빛난다
이미지 속의 달빛이 환히 비치는
달빛의 향기로운 달이 밝기만을 기다리는
어둠 속 작은 섬들과 함께
천년의 시간이 흐르는 곳,
별처럼 빛나는 그 길,
초록색의 하늘에는 그리움이 깃들고,
그렇게 소망처럼 찬란하게 피어난 꽃들이 꽃을 피우고 있어요
누구나 행복해질 수 있을까요!
우리 모두가 그렇게 아름다워지는 것만이
행복이라는 행복을 이루는 길이니까요.
이제 우리도 더 이상 불행하지 않기를 바랍니다
우리 모두 행복해질",0.8334562182426453,0.8279406428337097,0.16654378175735474,소리의 성벽,달빛만 비쳐도 반딧불을 보내 연초록의 시간을 실어오고 나비들의 아침이 되어 바라보는 마음의 속삭임들이 들려주는 산책 같은 그리움의 기다림 속에 보이는 그 아름다움의 세계는 밤과 낮이 없고 오직 봄이라는 숲이 있어. …
시린 바람,시린 바람,"꽃송이처럼 피어나는 꽃송이가
기다림은 말 그대로
누군가의 손끝이 되어도
봄의 향기를 전해주는
그리운 마음들이 모여 있는 곳
눈부신 풍경이 보이는 곳에
가까스로 들판까지 달려가는
꽃잎들의 아름다운 풍경들은
고요하면서도 아늑한 마음을 불러오는 곳이 바로 여기입니다.
그래서 봄은 더욱 소중합니다.
그런 의미에서 오늘을 맞이하는 우리 모두가
마음에 드는 사람이 되시길 바랍니다.
아무쪼록 내일부터라도 이런 날을 위해
참된 노력을 다해주세요.",0.8327571749687195,0.8255295753479004,0.16724282503128052,봄이 올 때,참 좋은 당신이 함께 해서 봄이 올 때 내 마음이 안연 해 집니다. 꽃피는 봄날 당신 때문에 내 마음도 고운 꽃이 피는 시간입니다. 꼼꼼히 헤아려 보지 않아도 참 좋은 당신이 함께 해서 봄이 올 요즘 기쁨 꽃 한 송…
자꾸 그리워,자꾸 그리워,"자꾸 찾아오던 그리움으로
자꾸 그리워지던 그리움이여서
그래서 사랑할 때처럼
다시 한 번 함께하기를 바라며
자꾸만 그리워하던 그리움을 
어느덧 가을이 되네요
그렇게 겨울이 지나가고 있는데
겨울의 깊은 숲속에는
새들의 합창소리가 들리네요!
아름다운 선율로 들려주는
가을은 쓸쓸하고
모진 세월을 견딘다는 말입니다.
저희 부모님께서 저에게 해주셨던
초록색 꽃들은 다 아름답다고 하시니
더 이상 그립지 않아요.
그리고 지금",0.8310644626617432,0.820353627204895,0.16893553733825684,겨울도 가을처럼,겨울을 반갑게 맞이한다 숲을 곱게 물든 단풍잎도 나 몰라라 제 갈 길을 떠나가는데 아직 나누지 못한 사랑의 바다 숱한 사랑 이야기 있는데 찬란하던 가을 속엔 붉은 꿈을 토해낸 낡음 잔해 속에 설렘으로 고독함을 알게 …
다시 이슬,다시 이슬,"시냇물은
가뭄에 잠긴 채
산허리에 물을 가득 차서
시원하게 젖어있다
비 오는 날에도
수백 미터를 달려온
마음에 온몸을 웅크린다;
기다리는 사람들 다들
새들이 우는 소리도 들리지 않으랴.
우리들의 마음에도, 우리들의 마음에
한 줄기 물길과 함께 흐르며
함께 흘러간다. 그러나 한 순간만 머물러 있어도
우리는 항상 깨어 있을 수 없다. 그리하여 우리는 영원히 영원한 사랑으로 영원하구나.
우리의 마지막 밤이 되니
희망의 빛을 받아 흐르는",0.831017017364502,0.8251053094863892,0.16898298263549805,나머지 별처럼 그리운 날들이여 바람은 언제나 고요하지만,노래의 언어들의 속삭임은 봄의 노래 아름다움의 시간이 되면 꾸미거나 따로 덧칠을 하지 않아도 이슬비처럼 차고 차곡차곡 쌓여진 나뭇잎들의 속삭임처럼 그리움의 마음으로만 읽어 낼 수 있는 민들레의 산문들이 보입니다. 때…
그대 안녕,그대 안녕,"나를 사랑했었는데 오늘은 꼭 돌아와줘서 고마워요
이제야 알겠지만
세상의 그대는
한숨만 쉬고 있어요
너를 떠나보냈어도
그대 내 마음을 다시 찾을 수 있는 게여서
그리운 그리움이라 해요
난 지금 너의 곁에 있고 싶어요
내겐 언제나 함께 할 사람이 있어서 좋았지요
널 사랑하는 이유였어요!
사랑을 한 번뿐인 것 같아요.
당신은 영원히 너와 헤어져 있을 거예요
무언가 부족한 건 아니니깐
지금 이대로가 좋아요
날",0.8306388854980469,0.7856947779655457,0.16936111450195312,사랑의 시간,하지만 너는 아무 말 없이 다른 길을 택했고 내 노래는 슬픔의 멜로디로 바뀌었다. 사랑스러운 눈빛은 이제 그리움으로 빛나고 너의 미소만 내 마음 속에 깊이 새겨졌다. 아무 말 없이 떠나간 너를 떠올릴 때마다 너는 내…
작은 파도,작은 파도,"그리움도 어쩔 수 없는
어려운 일도 있지만
작은 힘으로도 큰 힘을 발휘하는 법
마음이 내 몸을 감싸 안고
힘으로 뭉쳐져도
아름다움의 미덕을 지켜주는 법
행복은 항상 함께하고
자신도 함께할 때
내 몸처럼 더욱 커지며
사랑은 언제나 함께하며
큰 힘이 되어준다. 그것은 내가 아니다
그저 자신의 삶에 만족하지 않고
지금까지도 변함없이 곁에 있는 사람만이
모든 어려움 속에서도 나의 마음을 지킬 것이다. 그러므로 모든 사람은 행복하네.
미워하는 마음은 곧 나를 사랑하는 마음일 뿐이네. 그렇지",0.8296868205070496,0.8057279586791992,0.17031317949295044,진정한 행복은,별들의 합창이 울려 퍼지는데 죽도록 사랑하며 살아온 길 고운 햇살 내린다네 다정한 가슴에 온화한 미소와 정이 흐르는 오랜 세월 오직 믿음으로 다지며 사랑의 등불로 환히 밝히며 미소가 흐르는 삶이라면 이게 행복이 아닐…
우리 곁에,우리 곁에,"저 멀리 내 품에 안긴 가여.
내 손을 잡고 가겠나보다.
그대의 마음속에 울리는 건
고독을 삭히며 다가오는
따뜻한 사랑의 소리 들린다
사랑하는 사람께서도
어려운 처지에 놓이지 않으시리라 믿는다.
그래서 너를 위해서 이 땅에 산다는 것
우리는 그대를 사랑하고 지켜주리라.
너무 오래 기억나지 않아서
우리 곁에서 떠나질 않는다.,
우리가 다시 떠난다면
누구도 원망하지 않을 거라 믿기에
그리하여 우리는 영원히 행복하게",0.8291808366775513,0.8095216751098633,0.17081916332244873,사랑의 시간,하지만 너는 아무 말 없이 다른 길을 택했고 내 노래는 슬픔의 멜로디로 바뀌었다. 사랑스러운 눈빛은 이제 그리움으로 빛나고 너의 미소만 내 마음 속에 깊이 새겨졌다. 아무 말 없이 떠나간 너를 떠올릴 때마다 너는 내…
차가운 겨울,차가운 겨울,"가을의 시작과 함께
겨울은 깊어가고 있어요
가을이 깊어가는 길목엔
한동안 꽁꽁 얼어붙은 얼음이 언다
내일 아침이면 다시 얼음장처럼 얼어붙는 곳이야. 하지만 그건 어쩐지 내 맘속에는 별것 아닌 것 같아
내가 좋아하는 계절이다
얼음장이 되어 찬란하게 빛나는 봄기운에 젖어들며
찬바람 부는 하늘을 바라보며
눈 쌓인 길을 걸어갈 수 있다면
지금 이 순간에도 나는 지금처럼 행복할 거라 생각합니다
하지만 겨울이 깊어간다
어쩌면 춥고 긴 겨울이 올지도",0.8284598588943481,0.8062447309494019,0.17154014110565186,겨울 비,"눈 섞인 빗방울이 내 마음을 두드리고, 그 소리에 나는 먼 옛날을 떠올린다. 하얗게 눈물 흘리며 걷던 내 작은 발걸음이 생각난다. 그때 그곳의 겨울은 별처럼 신비한 곳에 있는 듯했고, 하나의 하늘 아래 우리는 서로를…"
항상 멀리,항상 멀리,"하늘도 별빛도
날고 싶지 않다
달콤함만 가득차
아침이면 잠들었다
언제나
하늘은 푸르렀다라고
하나같이 내 마음을
바라볼 때마다
한 번도 못 가본 날들을
사랑하셨던가보다.
눈물겨운 겨울엔
마음놓고 웃을 수 없다
별빛의 시작은
그렇게 시작되었다.
꿈이 있다면
여름은 너를
바람의 정령에게 보낸다고
가을과 함께
새들이 날아올 때면
나뭇잎에 담겨 있는
어두운 밤 하늘을 향",0.8283472061157227,0.8245334625244141,0.17165279388427734,그러한 날엔 하얀 마음에 시작을 다시 꿈으로,숲의 따듯함과 정겨움이 초록색이 되도록 곱게 다려 그리움이 가져온 별들의 기억 속 단풍잎 사랑이 그려낸 가을 속에 앨범을 꺼내어 노래의 순서대로 정리하여 바람이 붉은 하늘에 가져온 별빛의 의자에 저녁놀이 비치도록 아…
별빛 하늘,별빛 하늘,"흰눈처럼 하얀 빛에 잠겨있는
별빛이 내리쬐는
초록색 하늘의 달콤함에 빠져듭니다.
아름답고 아름다운
하늘의 정겨움이여
이런 별빛 속에 잠든 그대 모습을 보고 싶다면
바람으로 비쳐주는 푸른 하늘을 볼 수 있을까요?
어느새 별이 되어버린 이 세상에
너를 바라보는 나 자신만을
떠오르는 별이 되고 싶어하는 당신은
나의 진정한 내 모습일 것입니다.
언제나 웃음으로 가득 찬 당신의 모습이 아름답습니다.
사랑과 우정 그리고 사랑이 가득한
내가 그리는 꿈은
꿈을 실현하고 싶은",0.8280780911445618,0.8094271421432495,0.17192190885543823,아름다운 사람,"그대는 아름다운 사람 별을 사랑하고 하늘을 사랑하고 먼 곳 슬픔까지 사랑하는 그대는 아름다운 사람 아름다운 사람에게선 꽃 같은 향기가 난다 늘 곁에 있고 싶고 멀리 있으면 그리워진다 언제나 눈으로, 눈으로 사랑을 말…"
마지막 모습,마지막 모습,"밤새도록 잠든 자명종 소리
내 마음을 달래주던 그 시간
그 날 밤도 변함없겠지만
지난날의 아쉬움들이 너무 깊어서
끝없이 흘러간 흔적들
이제 막 스쳐가는 시간이네요라고 말하던 기억도
잊어버릴 수가 없어요
아직도 많은 세월이 흐른 것 같아서
지금이라도 내일을 위해 다시 일어설 수 있는 용기를 가져봅니다
사랑하는 나의 곁에 있어 주세요
하늘에 계신 사랑하는 그대여야 해요
누구보다 소중한 저의 손을 꼭 잡고 
그리고 오늘을 마지막으로 영원히 살아갈 것입니다./",0.8278249502182007,0.8056212663650513,0.17217504978179932,기억하세요,햇살 너무나 눈부신 날엔 비바람에 어둡고 적막했던 날을 기억해요 시간이 나를 재촉하는 날엔 숨 막히도록 더디 흐르던 날을 기억해요 해가 뜨는 새벽엔 하루가 저물던 쓸쓸함을 심통이 나서 이기고 싶을 땐 한 번 더 져주…
좋은 영원,좋은 영원,"하늘 높이 올려다보는 아름다운 영상
이렇게 아름답게 빛나는 날들이 있구나.
고운 아침 햇살과 함께하는 새벽의 빛 속에서
오늘은 고요하고 행복한 봄날이었다
아침 이슬비 내리는 밤하늘에 비친 내 모습은
빛나는 꽃잎처럼 아름다워 보였으니까.
어디서 왔는지 모르지만
언제나 맑은 그 눈빛을 그리워하며
영원한 한 때를 기다린다는 것을 알았기에
내가 너를 지켜줄 수 있었던 것은
너 덕분이라며 그대에게 감사드리며,
나의 푸른 꿈을 위해 최선을 다할 것임을 약속드",0.8264409303665161,0.8060969114303589,0.1735590696334839,첫눈 내리던 날,설렘으로 다가온 순결한 첫사랑 수정인양 순백으로 내린다 그녀처럼 소리 없이 사뿐사뿐 다가오는 하늘의 천사 정든 잎새 떠나보낸 헐벗은 나뭇가지 하얀 설화가 예쁘게 피어나고 오늘 새벽 미명에 이루어진 그대와 새로운 아름…
푸른 하늘,푸른 하늘,"아침 햇살이 쏟아지는 가을밤
빛나는 계절로 접어드는가 싶더니
아직도 봄날은 무르익고 있다
오래 전 꿈의 땅인 나도
새벽부터 저녁까지 분주하게 뛰어다니다
꽃샘추위에 몸부림치다 보면
나도 모르게 시야가 탁 트이는 것 같아서
어느덧 어느덧 내 고향이 있는 곳
다시 한 번 봄이 찾아오고 있다.
그 동안 나는 내게 남겨진 많은 것들을 떠올리며 살아왔지만
지금 나의 마음은 아직도 겨울이다.
얼마 전까지만 해도
푸른하늘이 내려앉았던 추억을",0.8261330127716064,0.8190914392471313,0.17386698722839355,겨울 비,"눈 섞인 빗방울이 내 마음을 두드리고, 그 소리에 나는 먼 옛날을 떠올린다. 하얗게 눈물 흘리며 걷던 내 작은 발걸음이 생각난다. 그때 그곳의 겨울은 별처럼 신비한 곳에 있는 듯했고, 하나의 하늘 아래 우리는 서로를…"
매일 그대,매일 그대,"아슬아슬한 이별은 영원하리라.
하루의 시작이여
너에게 모든 것을 바쳐야 할 때. 그리고 사랑은 영원히 완성될 때까지
꿈과 희망으로 가득 차 있는 날들.
그렇지만 이 세상엔 너무도 많은 것들이 있다.
세상이란 늘 한 조각씩 쌓여가고 또 쌓인다.
그리고 어느새 수많은 인생들이 저마다 다른 방식으로 얽혀 있다.
어느 누구도 그것을 바라볼 수 없는 그 순간에는
영원함이 없다.
마음의 고독을 채우는
하나의 시간이 되어가는 순간에도
모든 일이 끝나지 않을지도 모른다.
내가 지금 느끼는 시간은 바로 그것",0.8257777690887451,0.7977304458618164,0.17422223091125488,운명의 갈림길,황혼의 길목에서 운명은 고요히 나를 부른다. 인생의 갈림길은 끝없는 미로와도 같다. 한 걸음 내딛는 순간 세상은 달라지고 우리가 선택한 길은 영원한 발자국을 남긴다. 사랑은 가냘픈 불꽃 어둠 속에서 빛나고 그 불꽃에…
별빛 노래,별빛 노래,"별빛으로 가니
그녀는 별빛에서 나를 만나다
나의 푸른 별이 되어
나는 내 가슴에 영원히 남아요
누구에게도 말하지 않고 함께하는 나 자신
어디에도 없는 너의 꿈
내 가슴 가득 그대여
사랑해라 나는 네가 되고 싶어
너에게 주는 사랑 그 한마디에
우리 모두는 언제나 꿈을 꾸고 있어.
꿈은 우리 곁에 있는 것 같아서
너의 마음을 저버리지 말아줘서
너는 더 잘 알겠지
별빛으로만 떠나기엔 너무 외로워
우리의 모든 사랑은 내가 만들어야 해
아름",0.820500373840332,0.8094612956047058,0.17949962615966797,사랑의 시간,하지만 너는 아무 말 없이 다른 길을 택했고 내 노래는 슬픔의 멜로디로 바뀌었다. 사랑스러운 눈빛은 이제 그리움으로 빛나고 너의 미소만 내 마음 속에 깊이 새겨졌다. 아무 말 없이 떠나간 너를 떠올릴 때마다 너는 내…
 너무나 아픈,너무나 아픈,"아팠던 기억
가난한 삶을 살아간다
한낱 바람이었단 말이야
이제는 잊고 있는거야
내 탓인줄 알았던
아픔의 기억들이
모두 사라졌어
그저 고통에 젖은 채
살아가며 살아온
진실된 사랑,
삶으로 다가온 아름다운
가슴 따뜻한 추억들
눈물겨운 눈물들로 얼룩져 버렸지
더 이상 상처받지 말고
우리 곁에 있어야 해서
정말 감사하다며
내가 할 수 있을 거라고
잊을게요!
나는 이 글을 쓴다는",0.8192012906074524,0.7990451455116272,0.1807987093925476,이젠 잊어야 할까요?,얼마나 많은 가슴앓이를 했는가? 온몸은 신열이 올라 하늘이 노랬지 십 년이면 강산도 변한다는데 그 십 년도 얼마나 지나갔는지 오랜 세월이 지났으니 지금쯤은 잊혀야 하는 것이 옳은데 더욱더 또렷해지는 추억들 다시 기억…
햇살 파도,햇살 파도,"오늘 밤도 내 마음
내 맘을 알수 있겠지요
아니면 뭘 못했을까요?
내게서만 듣던
햇살처럼
봄이 와서
오늘밤은 정말 봄인가요?.
그래요, 저는 아직 봄이라는 건가요?
그냥. 이젠
저 역시, 이제 봄입니다
꿈에나 있을 수 있는
꽃 같은 나의 모습들 
누군가는, 꿈을 꾸고 있는데
어느 누구도 그립다면
언제나 그렇게 꿈꾸며 살고 있어요
우리 모두의 여름날엔
세상이 아름답게 빛나고",0.8162854313850403,0.8079499006271362,0.18371456861495972,봄이 먼저 가버린 곳에,외로움이라는 존재는 안개처럼 자신의 손이 없어 스스로 날개를 입을 수 없는 그 애태움을 바람이 입혀주어야 자신의 모습을 다시 돌아볼 수 있는 그 노래들이 꿈이 되는 날 바람의 언덕을 지나오면 스스로 노을처럼 저녁 하…
아름다운 별,아름다운 별,"그대의 사랑으로 빛이 되어
새벽을 밝힌다.
그대는 밤하늘의 별을 본다.
이별의 시간은 내 안에서 흘러간다.
별은 빛난다.
나는 별이 되었노라고 말할 수 있다.
나도 함께 하고 싶다.
어쩌면 영원히 혼자 있을지도 모른다.
사랑을 할 때처럼. 나의 마음이 하나되어서
오랜 벗과 함께하는 삶을 살고 싶다.,
나의 삶은 내가 아닌 우리가 만들어갈 거라고,
당신을 사랑한다면 당신의 사랑은 영원할 것이라고,
당신의 희망이 되어주기를 바랍니다.호, , .
우리의 운명은 당신이다.
살아오면서",0.8160722851753235,0.8030583262443542,0.1839277148246765,그대 그리움,그대의 모습 더듬어 보네. 아련한 그리움에 가슴 저미네. 떠나간 계절의 끝자락에서 그대와의 추억 떠올리며 가까이 있으나 닿을 수 없던 사랑의 시간을 되새기네. 별빛 속에 비친 그대의 눈동자 고요한 이 밤 그리움이 차…
햇살 웃음,햇살 웃음,"비바람에 쓰러질 때
빗소리 울리자 마자 새들은 다가와서
눈물 젖은 채, 그리고 그새 잠을 깬 듯
조금씩 눈물의 빛줄기 소리 들려오네.
햇빛과 별빛은 멀리 떠나지 않는다]
봄이 오면 꿈이 이루어진다고
한 발짝이라도 빨리 걸으며 행복하게 살자고
세상을 향해 다짐할지어다
비록 늦은 여름이지만 그래도 봄을 맞는
내일을 향한 희망의 첫걸음일지도 모르지만
그동안 이 땅에 지쳐 있던 우리들
나뭇가지들이 봄기운을 타고",0.8106771111488342,0.8035893440246582,0.18932288885116577,낮은 빗소리에 한걸음씩 때로는 돌아서 오는 소낙비처럼,새소리도 잠들어 있는 고요함의 느낌 안에 빗소리로 꽃들의 깨어있어야 하는 때론 부산스러움을 갈잎들의 바람을 떠나보낸 그 서러움 별빛에 이리저리 아름다움을 용서해야 할 이유 그것은 자신을 언약함이라고 알고 있어도 때로…
자꾸 미안,자꾸 미안,"! 자꾸 미소짓는다고 그건
자꾸만 미안해 줘서 
내 마음 다정한데도
그렇게도 내 맘을 이해하려 노력할게 
어느 날 아침, 난 자꾸 울고 있는걸
내가 사랑했던지 알았나봐
이젠 그 말 안해도
우리 행복하니까요!
그래도 너에게
울음이 있잖아요
그때 내 가슴속에 또 다른 꿈이 있다면
너는 얼마나 기뻐했을까요?
나는 아직 그런 나를 못 알아서
지금 이 순간에도 내 마음을
미워하지 않는 게",0.8050476312637329,0.7624231576919556,0.1949523687362671,사랑의 시간,하지만 너는 아무 말 없이 다른 길을 택했고 내 노래는 슬픔의 멜로디로 바뀌었다. 사랑스러운 눈빛은 이제 그리움으로 빛나고 너의 미소만 내 마음 속에 깊이 새겨졌다. 아무 말 없이 떠나간 너를 떠올릴 때마다 너는 내…
슬픈 사랑,슬픈 사랑,"너와 나, 두 사람은 영원히 이별할지 모른다.
그렇게 서로에게 이별을 고하고
나쁜 짓을 하는 사람들 때문에
고독한 사랑이 되어도
누군가 자신을 지켜주지 않았다면
아무런 고통도 견디기 힘들었을 것이다. 
이 세상에서 가장 멋진 사랑은
너였기에!
하지만 이 세상에는 너무 많은 것들이 있다.
때로는 모든 사람이 다 좋은 건 아니지만,
만약 내가 사랑하는 사람에게서 그런 사랑을 받는다면
가슴 아파하지 않을 수 없을 것이다.
사랑은 결코 나쁜 것이 아니다. #먹스타그램 galleytoga #",0.8038377165794373,0.7811671495437622,0.19616228342056274,사랑의 시간,하지만 너는 아무 말 없이 다른 길을 택했고 내 노래는 슬픔의 멜로디로 바뀌었다. 사랑스러운 눈빛은 이제 그리움으로 빛나고 너의 미소만 내 마음 속에 깊이 새겨졌다. 아무 말 없이 떠나간 너를 떠올릴 때마다 너는 내…
달빛 노래,달빛 노래,"그대의 소원은
그대처럼 너와 함께한 날들이여!
밤이면 달빛을 받으며
오직 그대 곁에 있는거라 
잊지 말고 기다려봐라 
아침 햇살에 반짝이는 별을 보며
달빛이 그리운 내 모습들 
오늘도 내가 보고 싶은데.
이제야 알겠니?
다시는 돌아오지 않겠으니까.
언젠가 다시 만날게요
무엇을 할 수 있을까나요
내일은 너를 만나러 간다
그래서 오늘도
우린 모두 행복해졌어...
하지만 당신은 내게 오지 않아서",0.8019974231719971,0.7839522361755371,0.19800257682800293,해바라기 연가,오직 당신 있는 곳만 향합니다. 그리움 때문에 나는 당신을 향해 서 있습니다. 그대를 바라보아야 힘이 솟고 당신의 빛을 받아야 피어납니다. 한순간도 잊지 못할 그대 얼굴 온종일 그리움에 파묻혀 밤이 와도 여전히 흔들…
오늘 하루,오늘 하루,"그대는 잠 못 이루었구나.
언제부터인가 나는 늘 행복했나 보네.
그대가 내게 안겨준 선물 중 하나였겠지.
어느 날 갑자기 내 손에 들려온 눈동자.
이렇게 행복한 일은 처음엔 아무것도 없었는데도
마지막 순간에 나도 모르게 눈을 떴단다.
아직도 가슴 한켠에 있는 슬픔. 당신은 나에게 소중한 존재라는 걸 안다.
그래서 나는 이 글을 쓰는 거예요.
오늘을 사는 우리는 모두 같은 마음일 거야. 그대에게 있어.
나는 지금 행복해야 해. 그대에게는 언제나 기쁨과 기쁨을 준다는 건
누",0.7991693019866943,0.7864236235618591,0.20083069801330566,그대 그리움,그대의 모습 더듬어 보네. 아련한 그리움에 가슴 저미네. 떠나간 계절의 끝자락에서 그대와의 추억 떠올리며 가까이 있으나 닿을 수 없던 사랑의 시간을 되새기네. 별빛 속에 비친 그대의 눈동자 고요한 이 밤 그리움이 차…
아픈 하루,아픈 하루,"이토록 오랜 시간을 보내고도 내겐 아직 나란 없는
아픔은 가시지 않은 채.
세상의 모든 아픔과 두려움은
마지막으로 묻는다.
우리를 떠나보낸 날들
그때 그 상처는 더 깊어만 갔다.
나마저 그렇게 흘러간다면,
이제 우리는 갈 길이 멀다.
어쩌면 언젠가는 우리 곁에 있을지도 모를 일이다.
우리 곁을 떠났던 그날들은
사랑하는 이들을 잃은 슬픔의 시간일 뿐이다.¶일본,한국 ,
그것이 왜 우리를 떠나지 않았는지?
우리는 이제 서로를 찾을 수 있는 시간이다
모든 것을 다",0.7965273261070251,0.77592533826828,0.20347267389297485,못 잊겠지,"별빛이 네모진 창가에 드리울 때, 그리움이 찾아와 마음을 적신다. 곁에 없는 그대의 얼굴, 기억 속에 흐릿해져도 내 마음은 여전히 그리움에 잠긴다. 지난날의 아름다운 추억들도 함께 나눈 즐거움들도 시간의 흐름 속에 …"
당신의 미소,당신의 미소,"오늘도 그리움으로 가득찬 날
오늘의 모든 일이 하나님의 말씀이 되고 싶어서
한마음 한 뜻으로
당신의 마음이 되어주시는 내 마음
눈부신 햇살
지난 주 금요일 아침
하나님께서 약속하신
고백성립 100주년을 기념해서
우리의 소망을 담은 편지들을 보내왔다.
사랑하는 당신에게 감사드린다.
진실로 사랑을 고백하고 싶다.,
그리고 그 분을 통해 나의 행복을 찾고 있다.
내가 꿈꾸는 삶!""
세상 속에서 가장 소중하게 여기는 것 중 하나가 바로 이게 아닐까요?
그",0.7939804792404175,0.7805694341659546,0.20601952075958252,신성한 사랑,주님 품에 안기는 성도 구원의 기쁨이 충만한 만남 천국의 노래가 우리를 감싸네. 험한 세상에 찾아온 평화 주님 손길 따뜻한 위로 성도는 주님만 의지하며 빛나는 사랑의 등불 바라보면서 믿음의 길만 걸어가리라. 죄악의 …
아름다운 호수,아름다운 호수,"물빛 찬란한 초록 하늘 아래서
아름다운 추억이 되어주었네요.
그때 그 빛에 젖어들면
꿈의 시간이 될까요
호수 위로 떠오르며
마음을 열어놓은 것 같은 이 곳
나는 나대로
나의 곁에 있어줘서 감사합니다
우리가 사는 곳, 그리고 내가 살고 있는 곳이
무엇이든 사랑할 수 있게 되길 바랍니다
가만히 바라보자니.
너를 사랑하는 것이 너희들이 모두 다 원하는 것이라도
사랑을 모르는 사랑은 아니겠지요)
세상 모든 것들이 나의 마음을 여는 길입",0.7930117845535278,0.7909389734268188,0.20698821544647217,가고 오지 않는 사람,즐거움을 체험하기 위해 고마운 하루라는 간격사이 하트해수욕장을 싸돌아 다녔던 순간들이 있었다. 하트해수욕장에는 갈매기의 노래가 퍼지고 명사에는 낭만이 스며 있고 잔잔한 파도의 하얀 선율이 공존하는 곳 가만히 상념해보…
아침 물방울,아침 물방울,"아침을 깨운다
아침 햇살 아래
자욱한 구름이 가득하고
오늘도 밤새 소복이 쌓인다
비소식은 들리지 않지만
어둠이 머무는 곳에
봄은 오는구나
오직 내일이 있는 것처럼
언제나 맑은 하늘만이 기다리고 있다
내일은 당신이 찾아올 것이다
마음이 맑고 밝은 날이면
꿈을 꾸는 나만의 세상일 뿐이다
사랑하는 너의 모습
당신의 손을 잡아줘서 고맙고 
밤이 아름다운 날은
나를 기다리는 모든 사람들의 행복한 날이 될 것임
그래서 오늘 우리는
당신에게 감사할",0.7928174734115601,0.7689756155014038,0.20718252658843994,기억하세요,햇살 너무나 눈부신 날엔 비바람에 어둡고 적막했던 날을 기억해요 시간이 나를 재촉하는 날엔 숨 막히도록 더디 흐르던 날을 기억해요 해가 뜨는 새벽엔 하루가 저물던 쓸쓸함을 심통이 나서 이기고 싶을 땐 한 번 더 져주…
이대로 사랑,이대로 사랑,"사랑은 온전하지 않은데
사랑하는 마음은 없는데
사랑이 없어지는 건지
내가 너에게
너를 위해 해줄게
내 마음에는 사랑이 없다
여기저기서 내 마음을 맴돌고 있는데
지금 내가 무엇을 할 수 있을까?
사랑은 어디서 오는 걸까?
아직도 살아있는 나로서는
나를 힘들게 하는 것이
나인 나는 얼마나 고통스러웠을까?.
그렇게 아프다
하지만 난 이렇게 행복하단다..
더 나은 나를 만들어가는 것은
나의 몫이란다.
언제까지나 우리 곁에 있어준다면
다시 한번 감사",0.7917582988739014,0.7526102066040039,0.20824170112609863,사랑의 시간,하지만 너는 아무 말 없이 다른 길을 택했고 내 노래는 슬픔의 멜로디로 바뀌었다. 사랑스러운 눈빛은 이제 그리움으로 빛나고 너의 미소만 내 마음 속에 깊이 새겨졌다. 아무 말 없이 떠나간 너를 떠올릴 때마다 너는 내…
푸른  숲,푸른  숲,"한 번 멈춰서 생각해 보는 날들
이제껏 한번도 멈추지 않고
마음을 돌려가며 꿈꾸는 나날들이다
아름다운 숲은 내 마음속에 있어서
나에게는 아름다운 추억이며
내가 가진
나의 또 다른 소중한 보물이다.
그것은 나를 사랑하는 우리 아이들에게
사랑하는 마음을 심어주는 것
숲의 향기가 가득찬 이 세상 속에 살고 있는 우리 아이들에게는
푸른 숲이 주는 기쁨이 아닐까
또한 파란 하늘 아래 펼쳐지는 푸른 꿈속에서는
내게는 맑은 아침이 내리꽂힌다. 경기도 고양시가 원당동 일대에 문화·예술",0.7909822463989258,0.7694317698478699,0.20901775360107422,가을의 호흡으로 이렇게 바람이 불어 좋은 날,숲이 가져오는 그 찬란한 초록색의 감동을 입혀 나비들의 가져오는 강 건너 꽃들의 이야기 그림처럼 보라색을 사랑한 무지개 언덕에 있는 노래들이 있는 꿈을 사랑한 하얀 도서관 그리고 책을 빌려주는 민들레 책상 위에 쓰인…
어떤 사람,어떤 사람,"너를 보고 싶었나 봐!
너를 사랑할 뿐이야! 그대여 내가 다 할 수 있어
너의 곁에 영원히 있겠지.
내 마음에서 나를 기다리는 건 네가 아니야. 그래서 내 마음이 내 맘으로 온전히 서있을 때마다
그대의 모습을 볼까봐 그대를 보러 갔겠지.
당신의 품 안에 너를 간직하세요?
사랑한 사람을 만나고 싶은데 말이야, 알았어.
당신이 사랑하는 사람이니까.
나를 버리고 떠나면 안 돼. 내가 너를 위해
네가 바라는 대로 널 보낼게 어서 부탁해.",0.7903706431388855,0.7572462558746338,0.2096293568611145,사랑의 시간,하지만 너는 아무 말 없이 다른 길을 택했고 내 노래는 슬픔의 멜로디로 바뀌었다. 사랑스러운 눈빛은 이제 그리움으로 빛나고 너의 미소만 내 마음 속에 깊이 새겨졌다. 아무 말 없이 떠나간 너를 떠올릴 때마다 너는 내…
아픈 사랑,아픈 사랑,"울던 사랑은 이제야 다시 맺는다.
그저 가슴속에 있는 아픔과
슬픔이 얼마나 소중한지 모르겠다.
사랑하는 사람을 위해
눈물로 흘리는 눈물
울면서 내미는 눈물을 보며 나는
다시 한 번 눈물로 기억한다.
아픔은 나의 삶이고, 슬픔은 나 자신의 몫이다.
나의 모든 것을 안고 살아도 될 것이다.
누구나 그 자리에 서고 싶어 하는 마음, 그래서 누구나 함께 사는 세상이 되어야 한다...
나처럼 아픈 사람이 있을 때
내가 잘할 수 있겠느냐고?
어렵게 살다 간 사람도 있는데요.
나는 이런 삶을 살았는데
다른 사람의 시선으로",0.7897549867630005,0.7785426378250122,0.2102450132369995,아내에게,어둠속에 나를 찾아주는 별이었소. 내가 나를 찾게 되었다오. 내 부족함을 언제나 감싸주었고 따스한 눈길로 바라봐 주었오. 그 손길에 담긴 고마움을 내 가슴 속에 깊이 새겨넣었다오. 서로의 꿈을 포개며 살아온 세월 그…
아름다운 바람,아름다운 바람,"나만의 스타일로 만들어
누군가가 나를 지켜주고 있는
그저 그 어떤 모습이라도
아름다운 모습을 갖고 싶어 하는 것
고요함의 아름다움으로
나만 알 수 없는
세상 모든 것들을
다 내 맘대로
내 마음속에 간직해주기를 기원합니다
사랑하는 당신이여!
당신의 마음이 이렇게 아름답다면
나는 사랑을 할 것입니다..
이제 너는
나의 작은 손을 잡아줄 것이오.)
그리하여
너의 사랑은 그대에게 있습니다.
모든 것을 내 마음대로 결정할 수는 없습니다
그대가 너를 위해서
너에게 베푼다는 사실을 기억",0.7876325845718384,0.7719710469245911,0.21236741542816162,송년의 시,"나에게 묻는다, 네 마음엔 사랑이 더 커졌는지 내 마음 네 마음 되어주었는지 나에게 묻는다, 타인을 사랑하는 일이 나를 사랑하는 일인 것을 나에게 묻는다, 그 신비롭고 아름다운 비밀을 이제 조금은 이해했는지"
 노을 바다,노을 바다,"눈길 한 번 잡아봐
한 마리 산삼 같은 보약인 듯
조금 더 가본 다음
어느 날엔가 그건 정말 내 몫이겠지
아무리 애써도 소용없단 말인가요
고개를 갸우뚱하게 하네
시린 가슴을 달래는 데는
가슴이 너무 크다니,
여기 저기 누워 있는 게 얼마나 다행인지.
누구에게나 소중한 걸
저만큼 갖고 있다
더 많은 것을 소유하다
그렇게만 된다면
자신도 그리움이 느껴질 테니
당신만이 행복하진 않을까",0.7857820391654968,0.766887366771698,0.21421796083450317,작은 소망,내게 작은 소망이 있다면 물바람 휘도는 들녘에 내 작은 그림자 하나 밟고 설 햇빛 조금 창문을 열면 방안에 새어드는 환한 달빛 하나 외로울 때 말벗 삼아 들어줄 잔잔한 별빛 한 조각 가슴에 담았으면 좋겠습니다. 지나…
이미 혼자,이미 혼자,"그렇게 쓸쓸한 나날들 
그렇게 잊혀지지 않는 하루하루 
오늘도 그대 옆에 가만히 서서
살면서 가장 아름다운 날들을 
아름다운 기억으로 남기려니 
이제 너를 위해 널 살릴 수 있는 날들이  
마음이 따뜻한데도
지치고 힘들어하는 나를 위해 
혼자서만 있어도 행복해진다고 말하니 
그래야 저도 행복한 날을 알것 같으니 
너에게도 좋은 날이 될 거라 믿습니다.
널 사랑해줘서 고맙습니다. 라는 걸 
잊어주지 말아요
지금부터라도 널 살려",0.7851026058197021,0.7717171907424927,0.21489739418029785,사랑의 시간,하지만 너는 아무 말 없이 다른 길을 택했고 내 노래는 슬픔의 멜로디로 바뀌었다. 사랑스러운 눈빛은 이제 그리움으로 빛나고 너의 미소만 내 마음 속에 깊이 새겨졌다. 아무 말 없이 떠나간 너를 떠올릴 때마다 너는 내…
그대 하나,그대 하나,"그대 하나로도
이제 함께할 수 있는
자신을 키워내는데서
그대가 꼭 필요했던 것은
사랑하는 나의 아름다운 모습일 것이다.
누구나 당신이 보고 싶은 사람이 되어야 할 것.
그리고 그대의 마음속에 담긴
당신의 아름다움을 발견하기 위해
나는 어떤 노력을 해야 하는가.
어떠한 고난과 시련에도 불구하고
우리의 마음은 여전히
더 큰 사랑의 세계로
하나님의 사랑을 실천하고 있다.
아무리 힘든 상황에서도
함께 할 수 있는 사람은
성공의 비결이다.
진정한 사랑은 사랑이기 때문이다....
마음속의 작은 감동 하나가
우리 인생의 원동",0.7828962206840515,0.77422034740448,0.2171037793159485,함께한 세월,"청춘의 봄날, 당신을 만나 행복이라는 꿈을 향해 차가운 세파, 인생 고개를 함께 넘어서 흘러온 세월 돌아보면 삶의 꽃을 피우던 지난날들 사랑으로 함께 했기에 고난도 기쁨으로 승화시키었었다. 벅찬 시련이 밀려오면 서로…"
산 속에,산 속에,"너는 언제나 나에게 주신 것 같아.
그대는 항상 나를 위해 기도해 왔지.
나를 향한 나의 뜨거운 사랑이 느껴져.
그래서 나는 늘 그대 곁을 떠나지 않았었어. 내겐 그대의 삶이 있어.
나는 언제나 내게 준 것 같아.
언제나 내가 널 위해 기도했어.
내게는 언제나 다른 사람처럼 살아왔고 그래서 너와 함께 할 수 있었겠지.
이제부터가 모두 다 그런 것 같으니까.
우리들 세상은 온통 너를 위한 거야.
너에게 주는 행복의 가치가 크니까.
마음에 있는 그대로 너를 위해서 기도해",0.7807449102401733,0.7568012475967407,0.21925508975982666,꽃,네가 나에게 사랑스러운 이유야 많고도 많지만 네가 나에게 눈물겨운 이유야 많고도 많지만 네가 너무나 고마운 것은 네가 거기 존재한다는 것이란다 네가 거기 환하니 피어 있는 것이란다
물방울 호수,물방울 호수,"그대는 어떨까?
아직까지는 알 수 없지만
나도 한 번은 더 찾아보고 싶네.
세상의 모든 물방울이
한번만 더 만나보자고 맹세하네.""
비구름이 밀려오고 있는 순간, 나는 어디서든 미소를 짓는다.
마음속에 떠오르는 것은 하나뿐인 작은 물방울
언제나 내 곁에 있을 뿐인데도
나의 미소처럼 맴돌며
어른들은 모두 나를 보고 싶어한다.
사랑하는 당신이여
그대의 이름을 부르지 말아요.
오늘 아침에도 비가 내리고 있다.
바람에 흔들리며 잠들어 있다
하늘의 별빛만이",0.7802174091339111,0.7675521373748779,0.21978259086608887,겨울 비,"눈 섞인 빗방울이 내 마음을 두드리고, 그 소리에 나는 먼 옛날을 떠올린다. 하얗게 눈물 흘리며 걷던 내 작은 발걸음이 생각난다. 그때 그곳의 겨울은 별처럼 신비한 곳에 있는 듯했고, 하나의 하늘 아래 우리는 서로를…"
차가운 미소,차가운 미소,"내일도 너는 나를 기다린다
너는 내게 한숨을 줘요
내일은 네가 더 기다리게 되어있지 않아요!
그냥 내가 먼저 떠나고 나면
나는 그대에게로 돌아올 수 없어요!
미안해! 나는 그대에게 있어 난 널 기다려 왔어요 
너를 위해 이 시간을 채우려 했어요
언젠가는 나도 나의 곁에 있을 것 같아요
세상은 이렇게 흘러가고 있지 않나 봐요 
당신의 발끝이 닿는 곳이면
아무도 내게 다가오지 않는
바람에 흔들리지 않게 말이지
마음이 편안",0.7796745300292969,0.7639679312705994,0.22032546997070312,그리움,마음 같아서는 성큼성큼 앞으로 가고 싶지만 언제나 그 만큼의 거리가 내 앞에 놓여 있습니다 참 많이 간 것 같은데도 언제나 제자리에 서 있는 나를 봅니다 그리고 그대가 걸어갔을 그 길을 바라보면 언제나 눈이 붉어지고…
그냥 나와,그냥 나와,"나 혼자만의 시간을 가지고 있다
내일은 다시 떠나야 할 때라고 했다.
나 또한 이 밤길에 나는 너무 서럽다
어쩔 수 없이 떠날까봐 두려워서
그렇게 밤을 지새우며 살고 싶었다.
살아오면서 많은 것을 잃었지만 그래도 행복했던 날들이지만도
이제는 나를 버릴 수가 없어서
그래도 함께할 수는 없고
내가 원하는 것들이 있으면 같이해 보자고 했다. . 
너무 아쉬워 너는 나의 곁에 있어줘서 고마웠다.
사랑하는 내가, 이렇게 살아주었으면 좋겠다.
잊지 않고 살아갈 수 있는 사람이 되자고 다짐했다.",0.7756257057189941,0.7486287951469421,0.22437429428100586,내 그리움이 너의 그리움에게,미안해 함께 걷지 못해서 외로웠구나 나도 그랬어 따뜻한 눈빛이 그리웠고 따뜻한 말 한마디가 그리워서 슬플 때가 있었어 그래도 괜찮다고 생각하자 그리움 하나 품지 못하면 너의 눈빛이 마음이 세상이 따뜻해지고 아름다워질…
사랑 때문에,사랑 때문에,"사랑에서 깨어난다
어쩌면 내 마음이 그대에게 있어서
사랑으로 깨어났을까
나를 다시 만나러 왔을까
무슨 생각으로 떠나보낸단 말인가?
내 마음 속에 있었던 것은 무엇이었을까?
다시 만날 수 없다면 또 다른 사랑이 필요할 것인가
여전히 나에게는 그렇게 떳떳하지 않다면
나는 왜 지금 그 사랑을 찾았을까.
그대를 잊지 않고 있으려나
언제나 나는 그대의 말을 듣고
내 마음을 알고 있다 이번 여름의 폭염에 어떻게 대처해야 할 지.
온 몸이 땀으로 범벅이 된다면,
더",0.7754040956497192,0.7631398439407349,0.22459590435028076,그래도와 아직도라는 섬,참을 수 없어 이별하는 사람들이 꽃잎처럼 뒹굴다 빌딩 숲으로 사라지는 오늘 왈칵 느닷없이 문득 바람결에 감추고 꽃잎에 묻어둔 사랑이 생각나네요 아직도라는 이름의 환승역으로 달려가 잃어버린 사랑을 리필하면 보내고 돌아…
모두 돌아와,모두 돌아와,"그대의 가슴과 눈을
그리고 내 마음에 있는
그대와 나를 하나 되게 해주시겠어요
당신의 마음을 한 번만이라도
잊지 않도록 하세요.
하나님께 감사하십니다.
마음을 다시 세우십시오.
지금 이 자리에 있는 사람은 오직 당신뿐이세요
우리 모두를 위해 기도합니다!
아무런 죄도 없는 우리를 떠나보낸다
오직 그대만이 사랑할 뿐입니다.
당신은 언제나 당신의 마음으로 돌아오며
나의 영혼을 살립시다!
행복은 나의 몫입니다
오늘의 약속은 반드시 이루어지리라 믿습니다 !",0.7739484310150146,0.7636234164237976,0.22605156898498535,행복 이야기,내일은 더 아름다운 삶을 열며 가슴에 들려오는 당신의 사랑의 숨결을 들으며 진실한 삶을 열어간다 내일을 향한 기대감으로 가슴에 뜨겁게 불타던 사랑으로 임을 바라보며 행복을 꿈꾸며 세월에서 얻은 아픔은 모두 소멸된 가…
겨울 하늘,겨울 하늘,"가을 하늘을 올려다보는 거라곤 하나요
눈 덮인 내 눈에
고개를 숙이고 있는 저 눈동자만 봐도
마음의 눈이 시릴 만큼 뜨겁지 않아
하얀 눈을 품고 있잖아
오늘은 정말 좋았어
내 마음은 다 알겠지만
그럼에도 불구하고
누구도 사랑하지 않는 것 같아서
이렇게 추운 겨울이 되니까,
하늘을 바라보며 울면서 기도하는구나
그래서 오늘 이 순간처럼
봄과 여름의 아름다움을 마음껏 누리는 것 같아서
당신은 이렇게 아름다운 날에는
오직 사랑만이 있을",0.7728919982910156,0.7698314785957336,0.22710800170898438,꿈을 다시 가져오면 이렇게 별빛의 강물이 되어 천년을 달려온,안개의 숨 가쁜 호흡에도 아지랑이가 창문에 뽀얗게 서리고 있는 그리움 두 손으로 곱게 당신의 마음이라고 동그라미를 그려봅니다. 어쩌면 당신의 아름다움이 천사의 날개에서 시작되어 그리움의 언덕에 단숨에 날아오고 별빛들…
차가운 바람,차가운 바람,"한겨울의 추위가 몰아쳤다
오늘은 눈부셨던가요?
아니면 또 얼어붙었는가?
바람도 차가웠나요??
하늘이 내려앉았던 날도
한낮에도 바람은 어김없이 불어왔습니다~
얼음처럼 찬 바람이 불었을 때
그땐 저런 마음이었으니까요.
어쩌다가 이렇게 추운 지경이 되었는지도 모르지.
어디로 가는 거예요..
고운 햇살 비치는 그 겨울 하늘엔
온통 봄꽃 같은 것들이 피어나네요
추위는 잠시 쉬어야겠죠!",0.7706108689308167,0.7384454607963562,0.22938913106918335,봄이 온다.,"아직 바람 끝엔 겨울이 남아 있고, 어제 내린 눈발에 목련 가지도 차가운 계절을 끝까지 품고 있다. 갑자기 밀어닥친 혹한에 강물도 잠시 걸음을 멈추었지만 움츠린 까치는 깨금발로 겨울을 딛고 밤새 굶은 비둘기 떼는 희…"
마지막 세상,마지막 세상,"너를 잊었는지 기억하지 못하셨나
이런 날이 오면 나는 언제라도 나를 돌아볼 수 있구나
세상엔 아직 내 곁에 서 있는 사람이 있을까요
사랑을 하신 분은
어쩌면 그때는 내가 그립겠지만
잊고 살아도 언젠가 우리
우리를 사랑하신다면
너와 나의 첫 만남의 순간도
다시 만날 때
내겐 언제나 나의 힘이 될거라고
저 또한 그렇게 믿고 싶어요.
그때에도 나는 이렇게 말하곤 했지요!
기억하고 있으니까.
난 항상 나만이 이 세상 어디에 있어도",0.7691662907600403,0.7559122443199158,0.23083370923995972,사랑의 시간,하지만 너는 아무 말 없이 다른 길을 택했고 내 노래는 슬픔의 멜로디로 바뀌었다. 사랑스러운 눈빛은 이제 그리움으로 빛나고 너의 미소만 내 마음 속에 깊이 새겨졌다. 아무 말 없이 떠나간 너를 떠올릴 때마다 너는 내…
노을 춤,노을 춤,"노을의 꿈틀거리는 연무
얼마나 아름다웠는지
노을 춤은
세상 물음표보다 더 아름다운 춤이다
가을볕에 비쳐낸 춤사위로
몸짓하는 모습도
하늘과 바람과 함께 어우러져
발끝으로 아름답게 춤을 추었다\.
그리고 내 삶의 무게를
다시 한번 느낄 수 있는 이 춤사
눈앞에서 나를 보고 있을 뿐 아니라
지속적으로 춤추는 모습은
내가 살아온 길을 돌아보는 것 같다
그것이 인생의 길이라면
행복의 길이겠지만
아무리 노력해도 그 길은 끝이 나지 않는다[",0.7680721879005432,0.7624078989028931,0.2319278120994568,별처럼 하얀 눈이 오면 실바람처럼 말을 걸어오는 나비의 날개도,영혼의 샘물에서 가져와 가장 낮은 은빛 종소리를 달아주어 그리움의 시간이면 온통 첫눈이 내리는 이야기로 꿈처럼 속삭임이 되어 날아가 앉도록 밤새워 소복소복 새 옷으로 갈아입은 산과 들 꿈도 혼자서 걸어간 처음 발걸음…
매일 곁에,매일 곁에,"날 기억하는 그 시간들은
어쩌면 그리도 좋았나보다
그렇게
함께할 수 있을까
아직까지 많은 시간이 남아있지 않아서 
이젠 많이 외로웠으니 
그래서 행복해질 순 없을까요?
사랑스러운 내 모습 보여줄게요 
내 사랑 어떡해
날 만나러 가는 길일 텐데
오늘 하루만이라도 함께 하자고요
하루만이니까 괜찮죠 
하지만 그래도 조금은 편해진다면 
많이 더울 것 같아요 
매일 옆에 있는 내가 될거예요 
지금 당장은 힘들겠지만",0.7666194438934326,0.7348889112472534,0.23338055610656738,내 그리움이 너의 그리움에게,미안해 함께 걷지 못해서 외로웠구나 나도 그랬어 따뜻한 눈빛이 그리웠고 따뜻한 말 한마디가 그리워서 슬플 때가 있었어 그래도 괜찮다고 생각하자 그리움 하나 품지 못하면 너의 눈빛이 마음이 세상이 따뜻해지고 아름다워질…
아주 그리워,아주 그리워,"눈물 한 방울 뚝뚝 떨어질 때
그게 바로 그 순간의 기쁨이었지요!
이제 우리를 보고 싶다
아무것도 아니어도
어딘가 아픈 게 있으면
희미한 눈빛으로 눈물을 닦아내야겠죠?
아주 슬퍼서
나는 너무 쓸쓸해요
슬픔은 아무 것도 아닌데
내가 아프면 내가 슬퍼지고
외로움이 되면 내일이 궁금할텐데
나도 모르게 나는 슬픈 것 같아요
언제나 그러고 싶지만
나를 돌아보는 순간에도
감동의 빛이 사라질 수 있어요
아직도 내게 웃음이 남아 있으니까",0.7663456797599792,0.762718677520752,0.23365432024002075,위로,누군가 위로의 손길 기다리는 사람을 만나네 모르는 척하려는 마음이 흔들려 돌아보니 측은하게 기울은 그 사람 슬플 때 더 슬픈 노래를 들으면 축축한 위로가 될까 외로울 때 더 외로운 사람을 만나면 뭉툭해지는 위로가 될…
안녕 오늘,안녕 오늘,"님의 침묵이 서러울까 봐서
오랜만에 오셨던 그 마음도
마음을 담아서
아직 내 눈을 뜨지 못했는데
그때가 생각나서
다시 한번 어서 일어나시길 바란다.
한 번쯤은 나만의 시간을 만들어 주시는
행복하게 사는 법
세월이 흘러도 언제나 나를 위해
더 많은 힘을 주신다 하여도
지금 이 순간에도
오늘의 행복만 간직하고 싶어
모두 함께 기도해 볼 테니
내일 다시 만날 날을 기대하며
감사합니다 제주 서귀포시 성산읍 동",0.765709638595581,0.7565885782241821,0.23429036140441895,행복 이야기,내일은 더 아름다운 삶을 열며 가슴에 들려오는 당신의 사랑의 숨결을 들으며 진실한 삶을 열어간다 내일을 향한 기대감으로 가슴에 뜨겁게 불타던 사랑으로 임을 바라보며 행복을 꿈꾸며 세월에서 얻은 아픔은 모두 소멸된 가…
달빛 춤,달빛 춤,"달빛을 받아가는 몸짓이다
하늘을 찌르는 쇳소리와 눈부시게 빛나는 광채가 내 마음을 울린다.
달빛이 발갛게 익어갈 무렵
아침 햇살이 쏟아지고 있었다.
그저 바라만 볼 뿐
잠시 숨을 고르는 것만으로도 내 몸이 떨렸다.
나는 무심코 중얼거렸지만
언제든지 웃음으로 화답할 수 있는 존재였으니까.
그래서 나는 내가 좋아하는 춤을 추기 위해
내가 부른 노래를 들으며 춤을 추었다.
내 손을 잡고 춤을 추는 순간에도
나에게는 달이 보였다.
눈으로 보이는 모든 것들이 다 아름다웠다.
밤마다 한 번",0.764004111289978,0.7600557208061218,0.23599588871002197,햇살 빛나는 인생,환희의 흡족한 파란 미소 냉기가 가슴 깊이 흘러도 한결 따뜻한 온수로 씻어주는 아량 한 쌍의 산새 가지에서 부르는 사랑의 노래 들려오고 고요가 가슴 깊이 흐르는 구름 사이로 방끗이 내민 얼굴로 미소지우며 빛나는 햇살…
푸른 미소,푸른 미소,"그대는 뭘 하고 싶니?
지금껏 단 한 번도 너를 안아보고도
너를 두고만 있어주지 않았던가.
난 지금 내가 얼마나 많은지 알지 못한다, 그래서 그런 줄 알았더니
왜냐하면 난 왜 너에게 오지 않았나. 그리고 나 때문에 아무것도 하지 못했던가.""
그대야, 그대야
당신은 이제 너와 나를 위해
내 인생을 바치겠어.
오늘도 나는 널 사랑해요!
이제 내겐 너밖에 없어
마음이 너무 아파서
하늘을 원망하지 마세요
나를 용서해주세요.
나는 내 사랑을 갚",0.7609857320785522,0.7075935006141663,0.23901426792144775,사랑의 시간,하지만 너는 아무 말 없이 다른 길을 택했고 내 노래는 슬픔의 멜로디로 바뀌었다. 사랑스러운 눈빛은 이제 그리움으로 빛나고 너의 미소만 내 마음 속에 깊이 새겨졌다. 아무 말 없이 떠나간 너를 떠올릴 때마다 너는 내…
혼자 이대로,혼자 이대로,"혼자서 이대로
이길 수도, 더는 갈 수 없다라고 말하는 걸까?
이대로 놔둘 수는 없는 법. 혼자.
나도 모르게 자꾸만 눈물이 난다.
어떻게 보면 내가 너무 빨리 잊고 있었던 거다.
그냥 나는 혼자 살았지만 그래도 난 너의 유일한 희망이었다.
나의 삶은 내 인생의 전부일 뿐이니까.
죽음이라는 단어도 있고
하나뿐인 나로 인해 나도 함께 살아갈 길이 멀지 않았다.
마음으로 그 자리에 서서 행복할 순 없을까
세상은 나를 이렇게 만든 것 같아서
내 삶에서 멀어지면 안 된다는 사실을 깨닫",0.7589994668960571,0.7432525753974915,0.24100053310394287,지친 당신을 위하여,"이제 쉬어가고 싶다는 너의 말 그 말에서 눈물 한 방울 또르르 떨어지더니 내 마음에 와락 안긴다 그랬구나, 누구나 그렇게 사는구나 타인의 슬픔이 내게 위로가 되기도 하는구나 나의 슬픔이여 너도 누군가에게 위로가 되어…"
우리 모습,우리 모습,"너에게 다가오자
네 손가락으로
나만의 비유를 하자고 말하자.
너는 나만을 위해 살지 않다
너의 말을 듣고 싶어
네가 내 손끝을 잡고 있다
그대처럼 나를 위한 거니?
나를 사랑할 때라야지.
이럴 때는 그대가 되어주자. 만일 내가 네 손을 잡아주지 못한다면 너는 어떻게 할까.
지금이라도 다시 한 번 나에게 다가가
너를 기억해달라면
넌 내게 다가올 수 있어
나는 널 잊지 말아요
우리 모두가 함께 웃으며
내 곁에 있기를 바란다.
우리가 만나서 행복한",0.7573978900909424,0.7363370060920715,0.24260210990905762,사랑의 시간,하지만 너는 아무 말 없이 다른 길을 택했고 내 노래는 슬픔의 멜로디로 바뀌었다. 사랑스러운 눈빛은 이제 그리움으로 빛나고 너의 미소만 내 마음 속에 깊이 새겨졌다. 아무 말 없이 떠나간 너를 떠올릴 때마다 너는 내…
하루 멀리,하루 멀리,"그대는 이 세상 누구보다 먼저 나를 위해 산다 해도
아무리 어려운 일도 잘 극복한다
언제나 기쁘고 좋다면
더 이상 고통은 없으리라.
그러나 오늘도 우리는 여전히 내일이라며
나의 발걸음을 멈출 수 없습니다.
어느 날 아침부터 나는 한없이 슬퍼져 갑니다.
모든 일들이 뜻대로 되지 않고서
하루가 다르게 힘들어지는 것은 당연한 이치라 하겠습니다.
그대의 마음속에는 언제나 희망이 있는 법이지요
우리 모두는 오늘을 행복하게 마무리하길 바랍니다.formly time
우리는 이제 그대에게 주어진",0.7502202987670898,0.7446414828300476,0.24977970123291016,기억하세요,햇살 너무나 눈부신 날엔 비바람에 어둡고 적막했던 날을 기억해요 시간이 나를 재촉하는 날엔 숨 막히도록 더디 흐르던 날을 기억해요 해가 뜨는 새벽엔 하루가 저물던 쓸쓸함을 심통이 나서 이기고 싶을 땐 한 번 더 져주…
겨울 파도,겨울 파도,"별들은
내게겐 그리운 것이다!
하늘에서 내려와
하늘을 나는 꿈도 꾸어야만 한다
아직도 봄의 그늘이 드리워져
꽃잎에 맺힌 이슬처럼
한겨울 바람까지 품어주고 싶었던 것이다. 부산은 아직 '봄'입니다.
오늘 밤에도 흐린 하늘을 보실 수 있겠는데요.
당분간 맑은 하늘 아래, 또 강추위가 찾아오겠습니다.
앞으로 내일은 꽃샘 추위도 계속되겠고요,
물결은 최고조에 달하겠습니다. 가볍고 따뜻한 옷차림으로 건강 관리에 유의하셔야 겠네",0.742999255657196,0.726183295249939,0.25700074434280396,그렇게 아침의 여백에 보내온 가을,그 다음 장에 남겨놓은 아련함 강물의 처음 기다림이 되는 언제가 달빛이 되는 아름다움의 시작은 아름다움의 순간에도 별들의 메마른 거친 한 면을 알게 됩니다. 그것은 비가 오지 않는 하얀 들판 위에 작은 샘물 이슬비가…
하지만  안돼,하지만  안돼,"너를 위해서 나는
그대를 위해 나를 위한 것뿐이니까
너를 위하여 나는
누구에게나
사랑하는 것이 아니니
사랑을 하는 것이라고
그리고 그대는
나는 당신을 사랑하며 또 사랑을 하고 있습니다
아침에 눈을 뜨면
저녁에 비가 내리도록
눈물은 흘리지 않아도
내 마음에는 비 오는 날도
우리가 함께한 만큼 행복할 거라고
내가 말한 것처럼
너는 나에게 있어서
우리 모두는 서로 돕고 싶어도
함께하지 못하고
서로를 도우며 살아야하니까
당신이 사랑하는 것도 바로 사랑",0.7429807186126709,0.7224534749984741,0.2570192813873291,사랑의 시간,하지만 너는 아무 말 없이 다른 길을 택했고 내 노래는 슬픔의 멜로디로 바뀌었다. 사랑스러운 눈빛은 이제 그리움으로 빛나고 너의 미소만 내 마음 속에 깊이 새겨졌다. 아무 말 없이 떠나간 너를 떠올릴 때마다 너는 내…
나에게 안녕,나에게 안녕,"내가 좋아하던 날
내 마음에 이렇게 말했지요
아무 말도 하지 않았는데
이제 다 됐다고
오히려 더 행복해졌어요!
내가 사랑했던 날은
그렇게 내게 행복했다
내일 아침에 나야 그립죠?
나는 오늘 아침엔 나를 위해서
고마운 마음을 담아서
나에게 인사하고 싶었거든요.
날도 설레고, 내일은 저희를 위해서 괜찮을까요??.))
오늘은 나의 첫사랑이라는걸
기억하는 것이 너무나 힘들었지만
나를 꼭 지켜주고 싶네요..
누구",0.7386391162872314,0.7223132848739624,0.26136088371276855,마지막 날에,많은 일들이 인생의 낱장 울고 웃었던 일들 더 성숙해져 하루가 소중 열심히 살아갈께 종착역 몰라 잘가라 안녕 고맙고 사랑했다 내 인생 역사
오늘 나와,오늘 나와,"내일 나를 만나러 오겠다
내일은 내가 너를 만날게나
마지막으로 내게서
나의 마음을 전할 수 있을지 모른다 그러나
그리고 나의 눈물이 그대들의 눈을 통해 흐르도록
나는 내일의 나에게로 갈테니
그리하여 나는 널 사랑하게 될텐데.
오늘, 내일은 나를 만나게 돼서
이제 이 밤은 끝인가 하고 말야.
오랜만에 보는 내 얼굴이라 기뻤는지 몰라
내가 사랑하는 날이면 얼마나 좋을까요!
너무 오랜만의 만남인 줄 알았지만
그렇게 내 가슴에",0.7385997772216797,0.7356212139129639,0.2614002227783203,그리움,마음 같아서는 성큼성큼 앞으로 가고 싶지만 언제나 그 만큼의 거리가 내 앞에 놓여 있습니다 참 많이 간 것 같은데도 언제나 제자리에 서 있는 나를 봅니다 그리고 그대가 걸어갔을 그 길을 바라보면 언제나 눈이 붉어지고…
다시 돌아와,다시 돌아와,"한 달 전만 해도
너를 보고 싶다
어느새 가을이 다 가버린 것 같더라 
한 달 전, 또 다시 돌아본다고 했지 
오늘은 내가 떠난 날이지
그런데 이젠 내가 떠날 때가 아니야. 넌 떠나도 된다고 생각하는 거니 
그렇게 생각해봐요 
왜, 이렇게 슬퍼하는 걸까요
다음엔 내일을 알 수 있을 것만 같은걸 
그래서 오늘도
다시 돌아올 테니까 널 보내줘요.
하지만 너는 아직 돌아오지 않았잖아
내가 돌아왔을 때 난 여기있었단 말야",0.7319740056991577,0.6990479826927185,0.2680259943008423,그때 그 시간,"다시는 올 수 없다, 다시는 올 수 없는 시간이다, 떠나고 말았네 너의 찬 손 잡아줄 수 있었던 시간 따뜻한 한마디 건네줄 수 있었던 시간 그때 그 시간"
그래 안돼,그래 안돼,"아쉽게도 나는
아직 끝나지 않았어 
그럼 그걸로 끝이야 해요 
내 눈동자만큼도 다치지 않아 넌
그래 나만 해도 많이 아프다고 생각해 
지금까지 내겐 한 번도 못 해봤잖아 
이젠 나도 조금이나마 나을 거 같아 
날 위해 기도해야겠다 
나 때문에 난 항상 힘들어했었거든 
난 이제 또 다시 네가 바라면 나을 수 있을 것 같은데 
널 위해서 기도하고 싶어 
네게 다가올거야 
당신뿐 아니라 너와 함께 있어줘서",0.728256106376648,0.6862283945083618,0.27174389362335205,눈빛 언어,"견뎌내 꼿꼿이 서 있는 나무처럼 너라서 좋아 지금 잘하고 있어 네가 있어 나도 버티는걸 난 너 이대로가 좋아 나에겐 너 자체로 소중하고 행복해 너만 있으면, 세상에 더 필요한 게 없어 너는 나의 힘의 원천이지 곁에 …"
좋은 마지막,좋은 마지막,"그대는 이 세상에 하나뿐인 나.
그래서 행복할까.
너무나 슬픈 사랑일까요 ?
그대가 얼마나 슬퍼하는지 몰라도
어쩌면 그대의 사랑은 영원토록 빛날 것일지도 모르겠지만
언제나 너를 위해 기도하고 있단다.’며
이제 마지막으로 사랑하는 내 곁에
사랑에 관한 얘기를 꺼내자. 현대자동차가 서울 양재동 aT센터에서 열리는 ‘2016년 고객품질대상’에서 최우수상을 수상했다고 24일 밝혔다.
현대차는 지난해부터 매년 고객의 품질만족도를 평가해오고 있다.
올해는 총 383",0.7246214151382446,0.7149955630302429,0.27537858486175537,행복 이야기,내일은 더 아름다운 삶을 열며 가슴에 들려오는 당신의 사랑의 숨결을 들으며 진실한 삶을 열어간다 내일을 향한 기대감으로 가슴에 뜨겁게 불타던 사랑으로 임을 바라보며 행복을 꿈꾸며 세월에서 얻은 아픔은 모두 소멸된 가…
좋은 하루,좋은 하루,"그대는 사랑하고 있습니다
내게 좋은 일이 있겠지요
그대에게 주어진 시간은 아무것도 아니야
이미 내 마음에
좋은 일이 있으리라 다짐해 왔어요......
내가 지금 이 시간에도
좋은 일만 있다면 좋겠지만
우리가 함께 해야 할 일은
바로 나 하나님께 있는거지요.
그러나 나는 아무 일도 하지 않아요!
사랑하는 나의 인생은
세상을 바꾸는 것 같아
그러므로 나를 위한다면
누군가의 사랑이 되어주었으면 하네요
오늘은 더 이상 내게 한 번뿐인 날이 되지는 않을 거예요.",0.7170829772949219,0.7101417779922485,0.2829170227050781,설날 아침의 기도,주님! 설날 첫 아침이 밝았습니다. 고요히 내려놓습니다. 지난해 저는 참 많이도 흔들렸습니다. 서투른 사랑 부족한 믿음 지키지 못한 약속들 앞에서 고개 숙이며 용서를 구합니다. 그러나 저는 여전히 소망합니다. 넘어졌…
제발 나와,제발 나와,"우리들의 삶은 괜찮으냐고요?
살며시 들어본 사람인데요.
그냥 저만 살면 되겠더라구요.
세상에서 제일로 좋은 사람이잖아요!
어떻게 이렇게 좋은 사람인 줄 알았나 싶었지요.
그러다가 정말 내가 좋아하는 사람을 만나봤습니다.
내게는 모든 것이 다 좋습니다.
내가 원하는 건 오로지 그것뿐입니다. 가엾은 나를 지켜줄 사람도 없는데요.
저도 그걸 몰랐으니까요
사악한 존재라는 생각이 들었을 뿐이지요.
하지만 난 너의 삶을 사랑해요. 왜 그렇게 살아야 했는지 모르겠어요.
지금 당신",0.7155697345733643,0.6675578951835632,0.28443026542663574,그저 좋아서,나는 마냥 주고만 싶은 사람 왜 그런 사람 있잖아요 맨날 토라지고 삐치고 미운 짓만 하는데 행여나 다칠세라 마음 뗄 수 없는 사람 왜 그런 사람 있잖아요 나는 네게 바라는 것도 없는데 그저 네가 행복하기만 바라는 사…
이런 눈물,이런 눈물,"눈물이다
그래서 내가 너를 사랑한단다.
아픈 기억이 나를 괴롭혔다면 그건 내 슬픔일 터. 울림터미널에서 내리면 된다.
동네 아줌마들 ᄏᄏ
아침부터 들뜬다는...
그런데도 우리는 이게 뭔지 몰라.
눈물이라고는 다름이 없는 걸까.
우리집엔 언제나 우리딸들이 있긴 한데
엄마는 가끔씩 엄마에게 물어보곤 하는데
요즘은 애들이 왜 그러는지 모르겠다며 걱정한다.
그래야 우리의 꿈이 이뤄질 거라고
언",0.711448609828949,0.6875993609428406,0.288551390171051,"나의, 시","나의, 그리움의 시는 그때부터였나 보다 울 엄마 아들딸 6남매 중 넷째 딸 겨우 하나 건지시고 귀하다 귀하다 얼러 얼러 키우시다 7살을 못 키우고 하늘나라 가셨을 적 하늘도 울고 땅도 울고,,, 밤이면 별을 세며 부…"
좋은 모습,좋은 모습,"어설프게 나를 괴롭히는 것은
눈치 볼 낯이 없어서
누군가를 따라갈 수 있는 것도 아니다
그런데도 나는 그 사람을 좋아해
언젠가 내가 말했던 것처럼
내가 원하는 대로
나는 나의 길을 가고 있어
내 앞에 펼쳐진 푸른 하늘도
나에게 멋진 세상이 펼쳐져 있네
좋은 세상!!
나의 아름다운 길,
어쩌면 좋은 세상을 향해 걷고 싶어지는 나
꿈이 없는 사람은 없을 것 같아
하지만 난 그런 사람이 아닌 것 같다라고
생각했었지만 사실 내게 맞는 길은 아니었으니
오히려",0.7111772298812866,0.6967030763626099,0.2888227701187134,눈빛 언어,"견뎌내 꼿꼿이 서 있는 나무처럼 너라서 좋아 지금 잘하고 있어 네가 있어 나도 버티는걸 난 너 이대로가 좋아 나에겐 너 자체로 소중하고 행복해 너만 있으면, 세상에 더 필요한 게 없어 너는 나의 힘의 원천이지 곁에 …"
이런 사람,이런 사람,"내일이면
이 세상 어느 곳에 있을까
어디로 가야 할까.
세상 어디를 가든
아직은 이 세상에 없다.
누군가를 위하여,
그저 당신을 위해,
모든 것을 희생해서라도
살아가야 한다.
고생 끝에
끝까지
자신을 위해서
어떤 일을 해보겠노라고 다짐한다
지금도 나는 그 사람을 사랑한다.
그래서 나를 지켜보고 있다. 그것은 모두 다 한 사람의 의지 때문이다.
나는 그렇게 살아가고자 노력하지만
내 인생을 위해서
다른 사람도 함께 살아갈 수 있는 길을 찾아야 한다. 그것은 바로 나의 바람이다. 현재까지는",0.7036851644515991,0.6934934854507446,0.2963148355484009,달팽이 사랑,그러나 쉬지도 않겠습니다 느릿느릿 갈 수밖에 없지만 내 온몸 혼신을 다해 한 걸음 한 걸음 다가가겠습니다 가다가 지쳐 쓰러져 한 줌의 진토로 변할지라도 당신에게 가는 길 멈추지 않겠습니다 가는 길이 힘들고 험난해도 …
항상 이런,항상 이런,"그렇게 아름다운 세상만 있었지
그런데 그게 무슨 소리야
내가 이 세상에서 살아도
한 번만 더 돌아보면
나는 괜찮다고 생각하고
그러나 내가 지금 살고 있는 세상은
무엇을 할 수 있을까, 나는 왜 그리도 쓸쓸할까.
그렇게 외로움하고 싶지만
더이상 그럴 필요가 없다고 생각하는 사람이라면
그리고 또 그런 삶이 없을 텐데,
그래서 내 삶은
왜 이렇게 외로운 것일까?.
이 세상에 사는 사람들이
내 삶에 대해서
정말 궁금하다는 걸 알았으면. 그런데 난
나에게 정말 미",0.6906484365463257,0.6805023550987244,0.3093515634536743,마음자리,"몰랐네, 난 아무것도 희로애락, 생로병사 운명에 복종하며 살아가기 너무 버거워 말없이 참고 살아온 발자국들이 억울해 흥건한 마음자리 다른 이도 그리 살았을까 속사포처럼 털어내서 텅 비었을 것 같은 그 마음도 후회의 …"
나와 나와,나와 나와,"나의 모든 것을 내 것마냥 나를 위해 주어도 나는 결코 버리지 않는다
그렇게 나를 위한다는 것은 내가 할 수 있는 것
내가 나로 인해 피해를 입지 않도록 하는 것
나의 모든 것을 내가 책임져야 한다는 것
나는 나에게 있어 가장 소중한 것이다.
나를 대신해 주어야만 하는 이유는
내가 가진 것을 다 내어 놓기 때문이다
내가 한 일을 남이 내게 줄 수는 없지만
남을 대신하여 주는 것이라면
내 것이 전부인 지금이야말로 진정한 승리다. 그러나 그 이상의 가치를 지녀라
나 역시 자신의 삶을 위하여
한평생 동안만이라도 내 모습을 지켜나가자
당신의 삶도 함께 해야",0.6275157928466797,0.6163418889045715,0.3724842071533203,아내에게,어둠속에 나를 찾아주는 별이었소. 내가 나를 찾게 되었다오. 내 부족함을 언제나 감싸주었고 따스한 눈길로 바라봐 주었오. 그 손길에 담긴 고마움을 내 가슴 속에 깊이 새겨넣었다오. 서로의 꿈을 포개며 살아온 세월 그…
아주 멀리,아주 멀리,"언제나 우리 모두
모두에게,
더욱 먼 곳에 있는 것만도
아득히 먼데로 가서
내일은 또 어떤 날들이 있나.
너희들은 어느새 너희의 한 페이지를 차지하고 있겠지.(웃음) 오늘은 #어린이날인데요,
오늘 아침엔 너무 추운 날씨에,
한낮의 더위는 생각보다 덜해서
이렇게 기분 좋게 잤는데,
기다려보니 내일도 더 춥겠구나~
#키즈페이스 #아이들방 withyoufacekorea",0.6155970096588135,0.6099680662155151,0.3844029903411865,아름다운 추억,씁쓸하기도 하다 행복한 날은 어디를 가든지 좋은데 씁쓸한 날은 좁은 골목길에 숨어 다니듯 한없이 걷기 캄캄한 밤에는 내가 나를 볼 수 있는 시간 이런 모습 저런 모습을 보다 좀 더 겸손하고 착하게 살자 아름다운 추억…
달빛 바다,달빛 바다,"별빛 물결이 환하게 비쳐
진정한 소망이라는 걸 새삼 깨달았다 #오늘은_식단일기♀
어제 저녁, 오늘 아침은 차갑게 느껴져서
오늘의 식단은 어때요?
왜냐면 내가 먹는다고 해도 되잖아요!
내일은 어떤 음식이든 먹고 싶어요
그래서 오늘은 밥 대신 샐러드 먹으러 갑니다
(그냥 내일 하루만 더 할 수 있는거죠!)
밥은 먹으면 안돼요??
안 먹어야해요ᄏᄏ 
얼마나 많이 먹어야",0.6000335216522217,0.5633981823921204,0.3999664783477783,나에게 아침 선물하기,아침이 밝았습니다 나한테 말해 주세요 평범한 하루를 특별한 하루로 선물할 수?있는 사람은 나이니까요 일이 산더미 같고 화가 나고 짜증 나도 슬퍼도 아침에 꼭 안녕 잘할 수 있어 너는 하고
